titulo,link,banca,orgao,cargo,ano,nivel,data_aplicacao,num_questoes,link_prova_pdf,link_gabarito_pdf,data_coleta
FCC - 2024 - TRT - 6ª Região (PE) - Técnico Judiciário - Administrativo,https://www.aprovaconcursos.com.br/questoes-de-concurso/prova/fcc-2024-trt-6a-regiao-pe-tecnico-judiciario-administrativo,FCC,TRT,6ª Região (PE) - Técnico Judiciário - Administrativo,2024,,,0,,,2026-02-03 07:41:12
Informações,https://www.aprovaconcursos.com.br/questoes-de-concurso/prova/fcc-2024-trt-6a-regiao-pe-tecnico-judiciario-administrativo,,,,,,,0,https://s3.amazonaws.com/files-s3.iesde.com.br/resolucaoq/prova/prova/49373.pdf,https://s3.amazonaws.com/files-s3.iesde.com.br/resolucaoq/prova/gabarito/49373.pdf,2026-02-03 07:41:12
Cebraspe (Cespe) - 2025 - ICMBIO - Analista Administrativo - básica,https://www.aprovaconcursos.com.br/questoes-de-concurso/prova/cebraspe-cespe-2025-icmbio-analista-administrativo-basica,Cebraspe (Cespe),ICMBIO,Analista Administrativo - básica,2025,,,0,,,2026-02-03 07:41:12
Informações,https://www.aprovaconcursos.com.br/questoes-de-concurso/prova/cebraspe-cespe-2025-icmbio-analista-administrativo-basica,,,,,,,50,https://s3.amazonaws.com/files-s3.iesde.com.br/resolucaoq/prova/prova/49335.pdf,https://s3.amazonaws.com/files-s3.iesde.com.br/resolucaoq/prova/gabarito/49335.pdf,2026-02-03 07:41:12
50 Questões,https://www.aprovaconcursos.com.br/questoes-de-concurso/prova/cebraspe-cespe-2025-icmbio-analista-administrativo-basica#questoes,,,,,,,50,https://s3.amazonaws.com/files-s3.iesde.com.br/resolucaoq/prova/prova/49335.pdf,https://s3.amazonaws.com/files-s3.iesde.com.br/resolucaoq/prova/gabarito/49335.pdf,2026-02-03 07:41:12
Cebraspe (Cespe) - 2025 - SEFAZ-RJ - Auditor,https://www.aprovaconcursos.com.br/questoes-de-concurso/prova/cebraspe-cespe-2025-sefaz-rj-auditor,Cebraspe (Cespe),SEFAZ-RJ,Auditor,2025,,,0,,,2026-02-03 07:41:12
Informações,https://www.aprovaconcursos.com.br/questoes-de-concurso/prova/cebraspe-cespe-2025-sefaz-rj-auditor,,,,,,,200,https://s3.amazonaws.com/files-s3.iesde.com.br/resolucaoq/prova/prova/49366.pdf,https://s3.amazonaws.com/files-s3.iesde.com.br/resolucaoq/prova/gabarito/49366.pdf,2026-02-03 07:41:12
200 Questões,https://www.aprovaconcursos.com.br/questoes-de-concurso/prova/cebraspe-cespe-2025-sefaz-rj-auditor#questoes,,,,,,,200,https://s3.amazonaws.com/files-s3.iesde.com.br/resolucaoq/prova/prova/49366.pdf,https://s3.amazonaws.com/files-s3.iesde.com.br/resolucaoq/prova/gabarito/49366.pdf,2026-02-03 07:41:12
17 Questões com vídeo,https://www.aprovaconcursos.com.br/questoes-de-concurso/prova/cebraspe-cespe-2025-sefaz-rj-auditor#questoes,,,,,,,200,https://s3.amazonaws.com/files-s3.iesde.com.br/resolucaoq/prova/prova/49366.pdf,https://s3.amazonaws.com/files-s3.iesde.com.br/resolucaoq/prova/gabarito/49366.pdf,2026-02-03 07:41:12
CESGRANRIO - 2025 - BANESE - Técnico Bancário - D,https://www.aprovaconcursos.com.br/questoes-de-concurso/prova/cesgranrio-2025-banese-tecnico-bancario-d,CESGRANRIO,BANESE,Técnico Bancário - D,2025,,,0,,,2026-02-03 07:41:12
Informações,https://www.aprovaconcursos.com.br/questoes-de-concurso/prova/cesgranrio-2025-banese-tecnico-bancario-d,,,,,,,80,https://s3.amazonaws.com/files-s3.iesde.com.br/resolucaoq/prova/prova/49392.pdf,https://s3.amazonaws.com/files-s3.iesde.com.br/resolucaoq/prova/gabarito/49392.pdf,2026-02-03 07:41:12
80 Questões,https://www.aprovaconcursos.com.br/questoes-de-concurso/prova/cesgranrio-2025-banese-tecnico-bancario-d#questoes,,,,,,,80,https://s3.amazonaws.com/files-s3.iesde.com.br/resolucaoq/prova/prova/49392.pdf,https://s3.amazonaws.com/files-s3.iesde.com.br/resolucaoq/prova/gabarito/49392.pdf,2026-02-03 07:41:12
4 Questões com vídeo,https://www.aprovaconcursos.com.br/questoes-de-concurso/prova/cesgranrio-2025-banese-tecnico-bancario-d#questoes,,,,,,,80,https://s3.amazonaws.com/files-s3.iesde.com.br/resolucaoq/prova/prova/49392.pdf,https://s3.amazonaws.com/files-s3.iesde.com.br/resolucaoq/prova/gabarito/49392.pdf,2026-02-03 07:41:12
UECE - CEV - 2025 - PM-CE - Soldado da Polícia Militar,https://www.aprovaconcursos.com.br/questoes-de-concurso/prova/uece-cev-2025-pm-ce-soldado-da-policia-militar,UECE,2025,PM-CE - Soldado da Polícia Militar,CEV,,,0,,,2026-02-03 07:41:12
Informações,https://www.aprovaconcursos.com.br/questoes-de-concurso/prova/uece-cev-2025-pm-ce-soldado-da-policia-militar,,,,,,,100,https://s3.amazonaws.com/files-s3.iesde.com.br/resolucaoq/prova/prova/49424.pdf,https://s3.amazonaws.com/files-s3.iesde.com.br/resolucaoq/prova/gabarito/49424.pdf,2026-02-03 07:41:12
100 Questões,https://www.aprovaconcursos.com.br/questoes-de-concurso/prova/uece-cev-2025-pm-ce-soldado-da-policia-militar#questoes,,,,,,,100,https://s3.amazonaws.com/files-s3.iesde.com.br/resolucaoq/prova/prova/49424.pdf,https://s3.amazonaws.com/files-s3.iesde.com.br/resolucaoq/prova/gabarito/49424.pdf,2026-02-03 07:41:12
CONSULPLAN - 2025 - CONAB - Assistente Administrativo,https://www.aprovaconcursos.com.br/questoes-de-concurso/prova/consulplan-2025-conab-assistente-administrativo,CONSULPLAN,CONAB,Assistente Administrativo,2025,,,0,,,2026-02-03 07:41:12
Informações,https://www.aprovaconcursos.com.br/questoes-de-concurso/prova/consulplan-2025-conab-assistente-administrativo,,,,,,,100,https://s3.amazonaws.com/files-s3.iesde.com.br/resolucaoq/prova/prova/49412.pdf,https://s3.amazonaws.com/files-s3.iesde.com.br/resolucaoq/prova/gabarito/49412.pdf,2026-02-03 07:41:12
100 Questões,https://www.aprovaconcursos.com.br/questoes-de-concurso/prova/consulplan-2025-conab-assistente-administrativo#questoes,,,,,,,100,https://s3.amazonaws.com/files-s3.iesde.com.br/resolucaoq/prova/prova/49412.pdf,https://s3.amazonaws.com/files-s3.iesde.com.br/resolucaoq/prova/gabarito/49412.pdf,2026-02-03 07:41:12
FGV - 2025 - DPE-RO - Analista em Administração - classe A,https://www.aprovaconcursos.com.br/questoes-de-concurso/prova/fgv-2025-dpe-ro-analista-em-administracao-classe-a,FGV,DPE-RO,Analista em Administração - classe A,2025,,,0,,,2026-02-03 07:41:12
Informações,https://www.aprovaconcursos.com.br/questoes-de-concurso/prova/fgv-2025-dpe-ro-analista-em-administracao-classe-a,,,,,,,66,https://s3.amazonaws.com/files-s3.iesde.com.br/resolucaoq/prova/prova/49385.pdf,https://s3.amazonaws.com/files-s3.iesde.com.br/resolucaoq/prova/gabarito/49385.pdf,2026-02-03 07:41:12
66 Questões,https://www.aprovaconcursos.com.br/questoes-de-concurso/prova/fgv-2025-dpe-ro-analista-em-administracao-classe-a#questoes,,,,,,,66,https://s3.amazonaws.com/files-s3.iesde.com.br/resolucaoq/prova/prova/49385.pdf,https://s3.amazonaws.com/files-s3.iesde.com.br/resolucaoq/prova/gabarito/49385.pdf,2026-02-03 07:41:12
23 Questões com vídeo,https://www.aprovaconcursos.com.br/questoes-de-concurso/prova/fgv-2025-dpe-ro-analista-em-administracao-classe-a#questoes,,,,,,,66,https://s3.amazonaws.com/files-s3.iesde.com.br/resolucaoq/prova/prova/49385.pdf,https://s3.amazonaws.com/files-s3.iesde.com.br/resolucaoq/prova/gabarito/49385.pdf,2026-02-03 07:41:12
FUNDATEC - 2025 - CBM-RS - Soldado Bombeiro Militar,https://www.aprovaconcursos.com.br/questoes-de-concurso/prova/fundatec-2025-cbm-rs-soldado-bombeiro-militar,FUNDATEC,CBM-RS,Soldado Bombeiro Militar,2025,,,0,,,2026-02-03 07:41:12
Informações,https://www.aprovaconcursos.com.br/questoes-de-concurso/prova/fundatec-2025-cbm-rs-soldado-bombeiro-militar,,,,,,,80,https://s3.amazonaws.com/files-s3.iesde.com.br/resolucaoq/prova/prova/49436.pdf,https://s3.amazonaws.com/files-s3.iesde.com.br/resolucaoq/prova/gabarito/49436.pdf,2026-02-03 07:41:12
80 Questões,https://www.aprovaconcursos.com.br/questoes-de-concurso/prova/fundatec-2025-cbm-rs-soldado-bombeiro-militar#questoes,,,,,,,80,https://s3.amazonaws.com/files-s3.iesde.com.br/resolucaoq/prova/prova/49436.pdf,https://s3.amazonaws.com/files-s3.iesde.com.br/resolucaoq/prova/gabarito/49436.pdf,2026-02-03 07:41:12
Quadrix - 2025 - CRM-RS - Assistente Administrativo,https://www.aprovaconcursos.com.br/questoes-de-concurso/prova/quadrix-2025-crm-rs-assistente-administrativo,Quadrix,CRM-RS,Assistente Administrativo,2025,,,0,,,2026-02-03 07:41:12
Informações,https://www.aprovaconcursos.com.br/questoes-de-concurso/prova/quadrix-2025-crm-rs-assistente-administrativo,,,,,,,50,https://s3.amazonaws.com/files-s3.iesde.com.br/resolucaoq/prova/prova/49443.pdf,https://s3.amazonaws.com/files-s3.iesde.com.br/resolucaoq/prova/gabarito/49443.pdf,2026-02-03 07:41:12
50 Questões,https://www.aprovaconcursos.com.br/questoes-de-concurso/prova/quadrix-2025-crm-rs-assistente-administrativo#questoes,,,,,,,50,https://s3.amazonaws.com/files-s3.iesde.com.br/resolucaoq/prova/prova/49443.pdf,https://s3.amazonaws.com/files-s3.iesde.com.br/resolucaoq/prova/gabarito/49443.pdf,2026-02-03 07:41:12
FGV - 2025 - PC-MG - Perito: Criminal - Área II,https://www.aprovaconcursos.com.br/questoes-de-concurso/prova/fgv-2025-pc-mg-perito-criminal-area-ii,FGV,PC-MG,Perito: Criminal - Área II,2025,,,0,,,2026-02-03 07:41:12
Informações,https://www.aprovaconcursos.com.br/questoes-de-concurso/prova/fgv-2025-pc-mg-perito-criminal-area-ii,,,,,,,78,https://s3.amazonaws.com/files-s3.iesde.com.br/resolucaoq/prova/prova/49378.pdf,https://s3.amazonaws.com/files-s3.iesde.com.br/resolucaoq/prova/gabarito/49378.pdf,2026-02-03 07:41:12
78 Questões,https://www.aprovaconcursos.com.br/questoes-de-concurso/prova/fgv-2025-pc-mg-perito-criminal-area-ii#questoes,,,,,,,78,https://s3.amazonaws.com/files-s3.iesde.com.br/resolucaoq/prova/prova/49378.pdf,https://s3.amazonaws.com/files-s3.iesde.com.br/resolucaoq/prova/gabarito/49378.pdf,2026-02-03 07:41:12
1 Questão com vídeo,https://www.aprovaconcursos.com.br/questoes-de-concurso/prova/fgv-2025-pc-mg-perito-criminal-area-ii#questoes,,,,,,,78,https://s3.amazonaws.com/files-s3.iesde.com.br/resolucaoq/prova/prova/49378.pdf,https://s3.amazonaws.com/files-s3.iesde.com.br/resolucaoq/prova/gabarito/49378.pdf,2026-02-03 07:41:12
Cebraspe (Cespe) - 2025 - PC-CE - Delegado de Polícia,https://www.aprovaconcursos.com.br/questoes-de-concurso/prova/cebraspe-cespe-2025-pc-ce-delegado-de-policia,Cebraspe (Cespe),PC-CE,Delegado de Polícia,2025,,,0,,,2026-02-03 07:41:12
Informações,https://www.aprovaconcursos.com.br/questoes-de-concurso/prova/cebraspe-cespe-2025-pc-ce-delegado-de-policia,,,,,,,89,https://s3.amazonaws.com/files-s3.iesde.com.br/resolucaoq/prova/prova/49380.pdf,https://s3.amazonaws.com/files-s3.iesde.com.br/resolucaoq/prova/gabarito/49380.pdf,2026-02-03 07:41:12
89 Questões,https://www.aprovaconcursos.com.br/questoes-de-concurso/prova/cebraspe-cespe-2025-pc-ce-delegado-de-policia#questoes,,,,,,,89,https://s3.amazonaws.com/files-s3.iesde.com.br/resolucaoq/prova/prova/49380.pdf,https://s3.amazonaws.com/files-s3.iesde.com.br/resolucaoq/prova/gabarito/49380.pdf,2026-02-03 07:41:12
4 Questões com vídeo,https://www.aprovaconcursos.com.br/questoes-de-concurso/prova/cebraspe-cespe-2025-pc-ce-delegado-de-policia#questoes,,,,,,,89,https://s3.amazonaws.com/files-s3.iesde.com.br/resolucaoq/prova/prova/49380.pdf,https://s3.amazonaws.com/files-s3.iesde.com.br/resolucaoq/prova/gabarito/49380.pdf,2026-02-03 07:41:12
VUNESP - 2025 - TJ-SP - Assistente Social Judiciário,https://www.aprovaconcursos.com.br/questoes-de-concurso/prova/vunesp-2025-tj-sp-assistente-social-judiciario,VUNESP,TJ-SP,Assistente Social Judiciário,2025,,,0,,,2026-02-03 07:41:12
Informações,https://www.aprovaconcursos.com.br/questoes-de-concurso/prova/vunesp-2025-tj-sp-assistente-social-judiciario,,,,,,,69,https://s3.amazonaws.com/files-s3.iesde.com.br/resolucaoq/prova/prova/49431.pdf,https://s3.amazonaws.com/files-s3.iesde.com.br/resolucaoq/prova/gabarito/49431.pdf,2026-02-03 07:41:12
69 Questões,https://www.aprovaconcursos.com.br/questoes-de-concurso/prova/vunesp-2025-tj-sp-assistente-social-judiciario#questoes,,,,,,,69,https://s3.amazonaws.com/files-s3.iesde.com.br/resolucaoq/prova/prova/49431.pdf,https://s3.amazonaws.com/files-s3.iesde.com.br/resolucaoq/prova/gabarito/49431.pdf,2026-02-03 07:41:12
12 Questões com vídeo,https://www.aprovaconcursos.com.br/questoes-de-concurso/prova/vunesp-2025-tj-sp-assistente-social-judiciario#questoes,,,,,,,69,https://s3.amazonaws.com/files-s3.iesde.com.br/resolucaoq/prova/prova/49431.pdf,https://s3.amazonaws.com/files-s3.iesde.com.br/resolucaoq/prova/gabarito/49431.pdf,2026-02-03 07:41:12
Cebraspe (Cespe) - 2025 - ICMBIO - Analista Ambiental,https://www.aprovaconcursos.com.br/questoes-de-concurso/prova/cebraspe-cespe-2025-icmbio-analista-ambiental,Cebraspe (Cespe),ICMBIO,Analista Ambiental,2025,,,0,,,2026-02-03 07:41:12
Informações,https://www.aprovaconcursos.com.br/questoes-de-concurso/prova/cebraspe-cespe-2025-icmbio-analista-ambiental,,,,,,,40,https://s3.amazonaws.com/files-s3.iesde.com.br/resolucaoq/prova/prova/49336.pdf,https://s3.amazonaws.com/files-s3.iesde.com.br/resolucaoq/prova/gabarito/49336.pdf,2026-02-03 07:41:12
40 Questões,https://www.aprovaconcursos.com.br/questoes-de-concurso/prova/cebraspe-cespe-2025-icmbio-analista-ambiental#questoes,,,,,,,40,https://s3.amazonaws.com/files-s3.iesde.com.br/resolucaoq/prova/prova/49336.pdf,https://s3.amazonaws.com/files-s3.iesde.com.br/resolucaoq/prova/gabarito/49336.pdf,2026-02-03 07:41:12
Cebraspe (Cespe) - 2025 - SEFAZ-RJ - Todos os Cargos,https://www.aprovaconcursos.com.br/questoes-de-concurso/prova/cebraspe-cespe-2025-sefaz-rj-todos-os-cargos,Cebraspe (Cespe),SEFAZ-RJ,Todos os Cargos,2025,,,0,,,2026-02-03 07:41:12
Informações,https://www.aprovaconcursos.com.br/questoes-de-concurso/prova/cebraspe-cespe-2025-sefaz-rj-todos-os-cargos,,,,,,,20,https://s3.amazonaws.com/files-s3.iesde.com.br/resolucaoq/prova/prova/49381.pdf,https://s3.amazonaws.com/files-s3.iesde.com.br/resolucaoq/prova/gabarito/49381.pdf,2026-02-03 07:41:12
20 Questões,https://www.aprovaconcursos.com.br/questoes-de-concurso/prova/cebraspe-cespe-2025-sefaz-rj-todos-os-cargos#questoes,,,,,,,20,https://s3.amazonaws.com/files-s3.iesde.com.br/resolucaoq/prova/prova/49381.pdf,https://s3.amazonaws.com/files-s3.iesde.com.br/resolucaoq/prova/gabarito/49381.pdf,2026-02-03 07:41:12
CESGRANRIO - 2025 - BANESE - Técnico Bancário I,https://www.aprovaconcursos.com.br/questoes-de-concurso/prova/cesgranrio-2025-banese-tecnico-bancario-i,CESGRANRIO,BANESE,Técnico Bancário I,2025,,,0,,,2026-02-03 07:41:12
Informações,https://www.aprovaconcursos.com.br/questoes-de-concurso/prova/cesgranrio-2025-banese-tecnico-bancario-i,,,,,,,80,https://s3.amazonaws.com/files-s3.iesde.com.br/resolucaoq/prova/prova/49393.pdf,https://s3.amazonaws.com/files-s3.iesde.com.br/resolucaoq/prova/gabarito/49393.pdf,2026-02-03 07:41:12
80 Questões,https://www.aprovaconcursos.com.br/questoes-de-concurso/prova/cesgranrio-2025-banese-tecnico-bancario-i#questoes,,,,,,,80,https://s3.amazonaws.com/files-s3.iesde.com.br/resolucaoq/prova/prova/49393.pdf,https://s3.amazonaws.com/files-s3.iesde.com.br/resolucaoq/prova/gabarito/49393.pdf,2026-02-03 07:41:12
CONSULPLAN - 2025 - Cisbaf - Assistente Administrativo,https://www.aprovaconcursos.com.br/questoes-de-concurso/prova/consulplan-2025-cisbaf-assistente-administrativo,CONSULPLAN,Cisbaf,Assistente Administrativo,2025,,,0,,,2026-02-03 07:41:12
Informações,https://www.aprovaconcursos.com.br/questoes-de-concurso/prova/consulplan-2025-cisbaf-assistente-administrativo,,,,,,,30,https://s3.amazonaws.com/files-s3.iesde.com.br/resolucaoq/prova/prova/49413.pdf,https://s3.amazonaws.com/files-s3.iesde.com.br/resolucaoq/prova/gabarito/49413.pdf,2026-02-03 07:41:12
30 Questões,https://www.aprovaconcursos.com.br/questoes-de-concurso/prova/consulplan-2025-cisbaf-assistente-administrativo#questoes,,,,,,,30,https://s3.amazonaws.com/files-s3.iesde.com.br/resolucaoq/prova/prova/49413.pdf,https://s3.amazonaws.com/files-s3.iesde.com.br/resolucaoq/prova/gabarito/49413.pdf,2026-02-03 07:41:12
Cebraspe (Cespe) - 2025 - IBAMA - Analista Administrativo - específico,https://www.aprovaconcursos.com.br/questoes-de-concurso/prova/cebraspe-cespe-2025-ibama-analista-administrativo-especifico,Cebraspe (Cespe),IBAMA,Analista Administrativo - específico,2025,,,0,,,2026-02-03 07:41:12
Informações,https://www.aprovaconcursos.com.br/questoes-de-concurso/prova/cebraspe-cespe-2025-ibama-analista-administrativo-especifico,,,,,,,65,https://s3.amazonaws.com/files-s3.iesde.com.br/resolucaoq/prova/prova/49343.pdf,https://s3.amazonaws.com/files-s3.iesde.com.br/resolucaoq/prova/gabarito/49343.pdf,2026-02-03 07:41:12
65 Questões,https://www.aprovaconcursos.com.br/questoes-de-concurso/prova/cebraspe-cespe-2025-ibama-analista-administrativo-especifico#questoes,,,,,,,65,https://s3.amazonaws.com/files-s3.iesde.com.br/resolucaoq/prova/prova/49343.pdf,https://s3.amazonaws.com/files-s3.iesde.com.br/resolucaoq/prova/gabarito/49343.pdf,2026-02-03 07:41:12
23 Questões com vídeo,https://www.aprovaconcursos.com.br/questoes-de-concurso/prova/cebraspe-cespe-2025-ibama-analista-administrativo-especifico#questoes,,,,,,,65,https://s3.amazonaws.com/files-s3.iesde.com.br/resolucaoq/prova/prova/49343.pdf,https://s3.amazonaws.com/files-s3.iesde.com.br/resolucaoq/prova/gabarito/49343.pdf,2026-02-03 07:41:12
FGV - 2025 - PM-TO,https://www.aprovaconcursos.com.br/questoes-de-concurso/prova/fgv-2025-pm-to,FGV,PM-TO,,2025,,,0,,,2026-02-03 07:41:12
Informações,https://www.aprovaconcursos.com.br/questoes-de-concurso/prova/fgv-2025-pm-to,,,,,,,0,https://s3.amazonaws.com/files-s3.iesde.com.br/resolucaoq/prova/prova/49420.pdf,https://s3.amazonaws.com/files-s3.iesde.com.br/resolucaoq/prova/gabarito/49420.pdf,2026-02-03 07:41:12
Instituto Access - 2025 - FUNAI - Analista Socioambiental Pleno,https://www.aprovaconcursos.com.br/questoes-de-concurso/prova/instituto-access-2025-funai-analista-socioambiental-pleno,Instituto Access,FUNAI,Analista Socioambiental Pleno,2025,,,0,,,2026-02-03 07:41:12
Informações,https://www.aprovaconcursos.com.br/questoes-de-concurso/prova/instituto-access-2025-funai-analista-socioambiental-pleno,,,,,,,47,https://s3.amazonaws.com/files-s3.iesde.com.br/resolucaoq/prova/prova/49432.pdf,https://s3.amazonaws.com/files-s3.iesde.com.br/resolucaoq/prova/gabarito/49432.pdf,2026-02-03 07:41:12
47 Questões,https://www.aprovaconcursos.com.br/questoes-de-concurso/prova/instituto-access-2025-funai-analista-socioambiental-pleno#questoes,,,,,,,47,https://s3.amazonaws.com/files-s3.iesde.com.br/resolucaoq/prova/prova/49432.pdf,https://s3.amazonaws.com/files-s3.iesde.com.br/resolucaoq/prova/gabarito/49432.pdf,2026-02-03 07:41:12
Quadrix - 2025 - CRM-RS - Médico Fiscal,https://www.aprovaconcursos.com.br/questoes-de-concurso/prova/quadrix-2025-crm-rs-medico-fiscal,Quadrix,CRM-RS,Médico Fiscal,2025,,,0,,,2026-02-03 07:41:12
Informações,https://www.aprovaconcursos.com.br/questoes-de-concurso/prova/quadrix-2025-crm-rs-medico-fiscal,,,,,,,120,https://s3.amazonaws.com/files-s3.iesde.com.br/resolucaoq/prova/prova/49437.pdf,https://s3.amazonaws.com/files-s3.iesde.com.br/resolucaoq/prova/gabarito/49437.pdf,2026-02-03 07:41:12
120 Questões,https://www.aprovaconcursos.com.br/questoes-de-concurso/prova/quadrix-2025-crm-rs-medico-fiscal#questoes,,,,,,,120,https://s3.amazonaws.com/files-s3.iesde.com.br/resolucaoq/prova/prova/49437.pdf,https://s3.amazonaws.com/files-s3.iesde.com.br/resolucaoq/prova/gabarito/49437.pdf,2026-02-03 07:41:12
FGV - 2025 - PM-TO - Cadete da Polícia Militar,https://www.aprovaconcursos.com.br/questoes-de-concurso/prova/fgv-2025-pm-to-cadete-da-policia-militar,FGV,PM-TO,Cadete da Polícia Militar,2025,,,0,,,2026-02-03 07:41:12
Informações,https://www.aprovaconcursos.com.br/questoes-de-concurso/prova/fgv-2025-pm-to-cadete-da-policia-militar,,,,,,,49,https://s3.amazonaws.com/files-s3.iesde.com.br/resolucaoq/prova/prova/49418.pdf,https://s3.amazonaws.com/files-s3.iesde.com.br/resolucaoq/prova/gabarito/49418.pdf,2026-02-03 07:41:12
49 Questões,https://www.aprovaconcursos.com.br/questoes-de-concurso/prova/fgv-2025-pm-to-cadete-da-policia-militar#questoes,,,,,,,49,https://s3.amazonaws.com/files-s3.iesde.com.br/resolucaoq/prova/prova/49418.pdf,https://s3.amazonaws.com/files-s3.iesde.com.br/resolucaoq/prova/gabarito/49418.pdf,2026-02-03 07:41:12
Quadrix - 2025 - CRM-RS - Agente Fiscal,https://www.aprovaconcursos.com.br/questoes-de-concurso/prova/quadrix-2025-crm-rs-agente-fiscal,Quadrix,CRM-RS,Agente Fiscal,2025,,,0,,,2026-02-03 07:41:12
Informações,https://www.aprovaconcursos.com.br/questoes-de-concurso/prova/quadrix-2025-crm-rs-agente-fiscal,,,,,,,119,https://s3.amazonaws.com/files-s3.iesde.com.br/resolucaoq/prova/prova/49444.pdf,https://s3.amazonaws.com/files-s3.iesde.com.br/resolucaoq/prova/gabarito/49444.pdf,2026-02-03 07:41:12
119 Questões,https://www.aprovaconcursos.com.br/questoes-de-concurso/prova/quadrix-2025-crm-rs-agente-fiscal#questoes,,,,,,,119,https://s3.amazonaws.com/files-s3.iesde.com.br/resolucaoq/prova/prova/49444.pdf,https://s3.amazonaws.com/files-s3.iesde.com.br/resolucaoq/prova/gabarito/49444.pdf,2026-02-03 07:41:12
FGV - 2025 - MP-RJ - Analista Administrativo,https://www.aprovaconcursos.com.br/questoes-de-concurso/prova/fgv-2025-mp-rj-analista-administrativo,FGV,MP-RJ,Analista Administrativo,2025,,,0,,,2026-02-03 07:41:12
Informações,https://www.aprovaconcursos.com.br/questoes-de-concurso/prova/fgv-2025-mp-rj-analista-administrativo,,,,,,,78,https://s3.amazonaws.com/files-s3.iesde.com.br/resolucaoq/prova/prova/49386.pdf,https://s3.amazonaws.com/files-s3.iesde.com.br/resolucaoq/prova/gabarito/49386.pdf,2026-02-03 07:41:12
78 Questões,https://www.aprovaconcursos.com.br/questoes-de-concurso/prova/fgv-2025-mp-rj-analista-administrativo#questoes,,,,,,,78,https://s3.amazonaws.com/files-s3.iesde.com.br/resolucaoq/prova/prova/49386.pdf,https://s3.amazonaws.com/files-s3.iesde.com.br/resolucaoq/prova/gabarito/49386.pdf,2026-02-03 07:41:12
14 Questões com vídeo,https://www.aprovaconcursos.com.br/questoes-de-concurso/prova/fgv-2025-mp-rj-analista-administrativo#questoes,,,,,,,78,https://s3.amazonaws.com/files-s3.iesde.com.br/resolucaoq/prova/prova/49386.pdf,https://s3.amazonaws.com/files-s3.iesde.com.br/resolucaoq/prova/gabarito/49386.pdf,2026-02-03 07:41:12
FGV - 2025 - PC-MG - Investigador de Polícia,https://www.aprovaconcursos.com.br/questoes-de-concurso/prova/fgv-2025-pc-mg-investigador-de-policia,FGV,PC-MG,Investigador de Polícia,2025,,,0,,,2026-02-03 07:41:12
Informações,https://www.aprovaconcursos.com.br/questoes-de-concurso/prova/fgv-2025-pc-mg-investigador-de-policia,,,,,,,69,https://s3.amazonaws.com/files-s3.iesde.com.br/resolucaoq/prova/prova/49379.pdf,https://s3.amazonaws.com/files-s3.iesde.com.br/resolucaoq/prova/gabarito/49379.pdf,2026-02-03 07:41:12
69 Questões,https://www.aprovaconcursos.com.br/questoes-de-concurso/prova/fgv-2025-pc-mg-investigador-de-policia#questoes,,,,,,,69,https://s3.amazonaws.com/files-s3.iesde.com.br/resolucaoq/prova/prova/49379.pdf,https://s3.amazonaws.com/files-s3.iesde.com.br/resolucaoq/prova/gabarito/49379.pdf,2026-02-03 07:41:12
FGV - 2025 - OAB - Advogado - 43º Exame de Ordem,https://www.aprovaconcursos.com.br/questoes-de-concurso/prova/fgv-2025-oab-advogado-43o-exame-de-ordem,FGV,OAB,Advogado - 43º Exame de Ordem,2025,,,0,,,2026-02-03 07:41:12
Informações,https://www.aprovaconcursos.com.br/questoes-de-concurso/prova/fgv-2025-oab-advogado-43o-exame-de-ordem,,,,,,,78,https://s3.amazonaws.com/files-s3.iesde.com.br/resolucaoq/prova/prova/49425.pdf,https://s3.amazonaws.com/files-s3.iesde.com.br/resolucaoq/prova/gabarito/49425.pdf,2026-02-03 07:41:12
78 Questões,https://www.aprovaconcursos.com.br/questoes-de-concurso/prova/fgv-2025-oab-advogado-43o-exame-de-ordem#questoes,,,,,,,78,https://s3.amazonaws.com/files-s3.iesde.com.br/resolucaoq/prova/prova/49425.pdf,https://s3.amazonaws.com/files-s3.iesde.com.br/resolucaoq/prova/gabarito/49425.pdf,2026-02-03 07:41:12
Cebraspe (Cespe) - 2025 - IBAMA - Analista Ambiental-específico tema 1,https://www.aprovaconcursos.com.br/questoes-de-concurso/prova/cebraspe-cespe-2025-ibama-analista-ambiental-especifico-tema-1,Cebraspe (Cespe),IBAMA,Analista Ambiental-específico tema 1,2025,,,0,,,2026-02-03 07:41:12
Informações,https://www.aprovaconcursos.com.br/questoes-de-concurso/prova/cebraspe-cespe-2025-ibama-analista-ambiental-especifico-tema-1,,,,,,,70,https://s3.amazonaws.com/files-s3.iesde.com.br/resolucaoq/prova/prova/49344.pdf,https://s3.amazonaws.com/files-s3.iesde.com.br/resolucaoq/prova/gabarito/49344.pdf,2026-02-03 07:41:12
70 Questões,https://www.aprovaconcursos.com.br/questoes-de-concurso/prova/cebraspe-cespe-2025-ibama-analista-ambiental-especifico-tema-1#questoes,,,,,,,70,https://s3.amazonaws.com/files-s3.iesde.com.br/resolucaoq/prova/prova/49344.pdf,https://s3.amazonaws.com/files-s3.iesde.com.br/resolucaoq/prova/gabarito/49344.pdf,2026-02-03 07:41:12
Cebraspe (Cespe) - 2025 - SEFAZ-RJ - Analista de Finanças e Controle - Contábil-Financeira,https://www.aprovaconcursos.com.br/questoes-de-concurso/prova/cebraspe-cespe-2025-sefaz-rj-analista-de-financas-e-controle-contabil-financeira,Cebraspe (Cespe),SEFAZ-RJ,Analista de Finanças e Controle - Contábil-Financeira,2025,,,0,,,2026-02-03 07:41:12
Informações,https://www.aprovaconcursos.com.br/questoes-de-concurso/prova/cebraspe-cespe-2025-sefaz-rj-analista-de-financas-e-controle-contabil-financeira,,,,,,,77,https://s3.amazonaws.com/files-s3.iesde.com.br/resolucaoq/prova/prova/49370.pdf,https://s3.amazonaws.com/files-s3.iesde.com.br/resolucaoq/prova/gabarito/49370.pdf,2026-02-03 07:41:12
77 Questões,https://www.aprovaconcursos.com.br/questoes-de-concurso/prova/cebraspe-cespe-2025-sefaz-rj-analista-de-financas-e-controle-contabil-financeira#questoes,,,,,,,77,https://s3.amazonaws.com/files-s3.iesde.com.br/resolucaoq/prova/prova/49370.pdf,https://s3.amazonaws.com/files-s3.iesde.com.br/resolucaoq/prova/gabarito/49370.pdf,2026-02-03 07:41:12
FGV - 2025 - CAGE-RS - Auditor do Estado,https://www.aprovaconcursos.com.br/questoes-de-concurso/prova/fgv-2025-cage-rs-auditor-do-estado,FGV,CAGE-RS,Auditor do Estado,2025,,,0,,,2026-02-03 07:41:12
Informações,https://www.aprovaconcursos.com.br/questoes-de-concurso/prova/fgv-2025-cage-rs-auditor-do-estado,,,,,,,74,https://s3.amazonaws.com/files-s3.iesde.com.br/resolucaoq/prova/prova/49387.pdf,https://s3.amazonaws.com/files-s3.iesde.com.br/resolucaoq/prova/gabarito/49387.pdf,2026-02-03 07:41:12
74 Questões,https://www.aprovaconcursos.com.br/questoes-de-concurso/prova/fgv-2025-cage-rs-auditor-do-estado#questoes,,,,,,,74,https://s3.amazonaws.com/files-s3.iesde.com.br/resolucaoq/prova/prova/49387.pdf,https://s3.amazonaws.com/files-s3.iesde.com.br/resolucaoq/prova/gabarito/49387.pdf,2026-02-03 07:41:12
Cebraspe (Cespe) - 2025 - SEFAZ-RJ - Administrador Financeiro,https://www.aprovaconcursos.com.br/questoes-de-concurso/prova/cebraspe-cespe-2025-sefaz-rj-administrador-financeiro,Cebraspe (Cespe),SEFAZ-RJ,Administrador Financeiro,2025,,,0,,,2026-02-03 07:41:12
Informações,https://www.aprovaconcursos.com.br/questoes-de-concurso/prova/cebraspe-cespe-2025-sefaz-rj-administrador-financeiro,,,,,,,76,https://s3.amazonaws.com/files-s3.iesde.com.br/resolucaoq/prova/prova/49368.pdf,https://s3.amazonaws.com/files-s3.iesde.com.br/resolucaoq/prova/gabarito/49368.pdf,2026-02-03 07:41:12
76 Questões,https://www.aprovaconcursos.com.br/questoes-de-concurso/prova/cebraspe-cespe-2025-sefaz-rj-administrador-financeiro#questoes,,,,,,,76,https://s3.amazonaws.com/files-s3.iesde.com.br/resolucaoq/prova/prova/49368.pdf,https://s3.amazonaws.com/files-s3.iesde.com.br/resolucaoq/prova/gabarito/49368.pdf,2026-02-03 07:41:12
24 Questões com vídeo,https://www.aprovaconcursos.com.br/questoes-de-concurso/prova/cebraspe-cespe-2025-sefaz-rj-administrador-financeiro#questoes,,,,,,,76,https://s3.amazonaws.com/files-s3.iesde.com.br/resolucaoq/prova/prova/49368.pdf,https://s3.amazonaws.com/files-s3.iesde.com.br/resolucaoq/prova/gabarito/49368.pdf,2026-02-03 07:41:12
Cebraspe (Cespe) - 2025 - ICMBIO - Analista Administrativo - específica,https://www.aprovaconcursos.com.br/questoes-de-concurso/prova/cebraspe-cespe-2025-icmbio-analista-administrativo-especifica,Cebraspe (Cespe),ICMBIO,Analista Administrativo - específica,2025,,,0,,,2026-02-03 07:41:12
Informações,https://www.aprovaconcursos.com.br/questoes-de-concurso/prova/cebraspe-cespe-2025-icmbio-analista-administrativo-especifica,,,,,,,66,https://s3.amazonaws.com/files-s3.iesde.com.br/resolucaoq/prova/prova/49337.pdf,https://s3.amazonaws.com/files-s3.iesde.com.br/resolucaoq/prova/gabarito/49337.pdf,2026-02-03 07:41:12
66 Questões,https://www.aprovaconcursos.com.br/questoes-de-concurso/prova/cebraspe-cespe-2025-icmbio-analista-administrativo-especifica#questoes,,,,,,,66,https://s3.amazonaws.com/files-s3.iesde.com.br/resolucaoq/prova/prova/49337.pdf,https://s3.amazonaws.com/files-s3.iesde.com.br/resolucaoq/prova/gabarito/49337.pdf,2026-02-03 07:41:12
34 Questões com vídeo,https://www.aprovaconcursos.com.br/questoes-de-concurso/prova/cebraspe-cespe-2025-icmbio-analista-administrativo-especifica#questoes,,,,,,,66,https://s3.amazonaws.com/files-s3.iesde.com.br/resolucaoq/prova/prova/49337.pdf,https://s3.amazonaws.com/files-s3.iesde.com.br/resolucaoq/prova/gabarito/49337.pdf,2026-02-03 07:41:12
FGV - 2025 - PM-TO - Soldado Músico,https://www.aprovaconcursos.com.br/questoes-de-concurso/prova/fgv-2025-pm-to-soldado-musico,FGV,PM-TO,Soldado Músico,2025,,,0,,,2026-02-03 07:41:16
Informações,https://www.aprovaconcursos.com.br/questoes-de-concurso/prova/fgv-2025-pm-to-soldado-musico,,,,,,,26,https://s3.amazonaws.com/files-s3.iesde.com.br/resolucaoq/prova/prova/49421.pdf,https://s3.amazonaws.com/files-s3.iesde.com.br/resolucaoq/prova/gabarito/49421.pdf,2026-02-03 07:41:16
26 Questões,https://www.aprovaconcursos.com.br/questoes-de-concurso/prova/fgv-2025-pm-to-soldado-musico#questoes,,,,,,,26,https://s3.amazonaws.com/files-s3.iesde.com.br/resolucaoq/prova/prova/49421.pdf,https://s3.amazonaws.com/files-s3.iesde.com.br/resolucaoq/prova/gabarito/49421.pdf,2026-02-03 07:41:16
CONSULPLAN - 2025 - CONAB - Assistente Contábil,https://www.aprovaconcursos.com.br/questoes-de-concurso/prova/consulplan-2025-conab-assistente-contabil,CONSULPLAN,CONAB,Assistente Contábil,2025,,,0,,,2026-02-03 07:41:16
Informações,https://www.aprovaconcursos.com.br/questoes-de-concurso/prova/consulplan-2025-conab-assistente-contabil,,,,,,,60,https://s3.amazonaws.com/files-s3.iesde.com.br/resolucaoq/prova/prova/49414.pdf,https://s3.amazonaws.com/files-s3.iesde.com.br/resolucaoq/prova/gabarito/49414.pdf,2026-02-03 07:41:16
60 Questões,https://www.aprovaconcursos.com.br/questoes-de-concurso/prova/consulplan-2025-conab-assistente-contabil#questoes,,,,,,,60,https://s3.amazonaws.com/files-s3.iesde.com.br/resolucaoq/prova/prova/49414.pdf,https://s3.amazonaws.com/files-s3.iesde.com.br/resolucaoq/prova/gabarito/49414.pdf,2026-02-03 07:41:16
Quadrix - 2025 - CRM-RS - Analista de Informática,https://www.aprovaconcursos.com.br/questoes-de-concurso/prova/quadrix-2025-crm-rs-analista-de-informatica,Quadrix,CRM-RS,Analista de Informática,2025,,,0,,,2026-02-03 07:41:16
Informações,https://www.aprovaconcursos.com.br/questoes-de-concurso/prova/quadrix-2025-crm-rs-analista-de-informatica,,,,,,,60,https://s3.amazonaws.com/files-s3.iesde.com.br/resolucaoq/prova/prova/49438.pdf,https://s3.amazonaws.com/files-s3.iesde.com.br/resolucaoq/prova/gabarito/49438.pdf,2026-02-03 07:41:16
60 Questões,https://www.aprovaconcursos.com.br/questoes-de-concurso/prova/quadrix-2025-crm-rs-analista-de-informatica#questoes,,,,,,,60,https://s3.amazonaws.com/files-s3.iesde.com.br/resolucaoq/prova/prova/49438.pdf,https://s3.amazonaws.com/files-s3.iesde.com.br/resolucaoq/prova/gabarito/49438.pdf,2026-02-03 07:41:16
Quadrix - 2025 - CRM-RS - Contador,https://www.aprovaconcursos.com.br/questoes-de-concurso/prova/quadrix-2025-crm-rs-contador,Quadrix,CRM-RS,Contador,2025,,,0,,,2026-02-03 07:41:16
Informações,https://www.aprovaconcursos.com.br/questoes-de-concurso/prova/quadrix-2025-crm-rs-contador,,,,,,,50,https://s3.amazonaws.com/files-s3.iesde.com.br/resolucaoq/prova/prova/49440.pdf,https://s3.amazonaws.com/files-s3.iesde.com.br/resolucaoq/prova/gabarito/49440.pdf,2026-02-03 07:41:16
50 Questões,https://www.aprovaconcursos.com.br/questoes-de-concurso/prova/quadrix-2025-crm-rs-contador#questoes,,,,,,,50,https://s3.amazonaws.com/files-s3.iesde.com.br/resolucaoq/prova/prova/49440.pdf,https://s3.amazonaws.com/files-s3.iesde.com.br/resolucaoq/prova/gabarito/49440.pdf,2026-02-03 07:41:16
Quadrix - 2025 - CRM-RS - Auxiliar Administrativo,https://www.aprovaconcursos.com.br/questoes-de-concurso/prova/quadrix-2025-crm-rs-auxiliar-administrativo,Quadrix,CRM-RS,Auxiliar Administrativo,2025,,,0,,,2026-02-03 07:41:16
Informações,https://www.aprovaconcursos.com.br/questoes-de-concurso/prova/quadrix-2025-crm-rs-auxiliar-administrativo,,,,,,,100,https://s3.amazonaws.com/files-s3.iesde.com.br/resolucaoq/prova/prova/49445.pdf,https://s3.amazonaws.com/files-s3.iesde.com.br/resolucaoq/prova/gabarito/49445.pdf,2026-02-03 07:41:16
100 Questões,https://www.aprovaconcursos.com.br/questoes-de-concurso/prova/quadrix-2025-crm-rs-auxiliar-administrativo#questoes,,,,,,,100,https://s3.amazonaws.com/files-s3.iesde.com.br/resolucaoq/prova/prova/49445.pdf,https://s3.amazonaws.com/files-s3.iesde.com.br/resolucaoq/prova/gabarito/49445.pdf,2026-02-03 07:41:16
VUNESP - 2025 - TCE-SP - Auditor de Controle Externo,https://www.aprovaconcursos.com.br/questoes-de-concurso/prova/vunesp-2025-tce-sp-auditor-de-controle-externo,VUNESP,TCE-SP,Auditor de Controle Externo,2025,,,0,,,2026-02-03 07:41:16
Informações,https://www.aprovaconcursos.com.br/questoes-de-concurso/prova/vunesp-2025-tce-sp-auditor-de-controle-externo,,,,,,,80,https://s3.amazonaws.com/files-s3.iesde.com.br/resolucaoq/prova/prova/49433.pdf,https://s3.amazonaws.com/files-s3.iesde.com.br/resolucaoq/prova/gabarito/49433.pdf,2026-02-03 07:41:16
80 Questões,https://www.aprovaconcursos.com.br/questoes-de-concurso/prova/vunesp-2025-tce-sp-auditor-de-controle-externo#questoes,,,,,,,80,https://s3.amazonaws.com/files-s3.iesde.com.br/resolucaoq/prova/prova/49433.pdf,https://s3.amazonaws.com/files-s3.iesde.com.br/resolucaoq/prova/gabarito/49433.pdf,2026-02-03 07:41:16
FGV - 2025 - OAB - Advogado - 44º Exame de Ordem,https://www.aprovaconcursos.com.br/questoes-de-concurso/prova/fgv-2025-oab-advogado-44o-exame-de-ordem,FGV,OAB,Advogado - 44º Exame de Ordem,2025,,,0,,,2026-02-03 07:41:16
Informações,https://www.aprovaconcursos.com.br/questoes-de-concurso/prova/fgv-2025-oab-advogado-44o-exame-de-ordem,,,,,,,80,https://s3.amazonaws.com/files-s3.iesde.com.br/resolucaoq/prova/prova/49426.pdf,https://s3.amazonaws.com/files-s3.iesde.com.br/resolucaoq/prova/gabarito/49426.pdf,2026-02-03 07:41:16
80 Questões,https://www.aprovaconcursos.com.br/questoes-de-concurso/prova/fgv-2025-oab-advogado-44o-exame-de-ordem#questoes,,,,,,,80,https://s3.amazonaws.com/files-s3.iesde.com.br/resolucaoq/prova/prova/49426.pdf,https://s3.amazonaws.com/files-s3.iesde.com.br/resolucaoq/prova/gabarito/49426.pdf,2026-02-03 07:41:16
FGV - 2025 - PC-MG - Delegado de Polícia Substituto,https://www.aprovaconcursos.com.br/questoes-de-concurso/prova/fgv-2025-pc-mg-delegado-de-policia-substituto,FGV,PC-MG,Delegado de Polícia Substituto,2025,,,0,,,2026-02-03 07:41:16
Informações,https://www.aprovaconcursos.com.br/questoes-de-concurso/prova/fgv-2025-pc-mg-delegado-de-policia-substituto,,,,,,,76,https://s3.amazonaws.com/files-s3.iesde.com.br/resolucaoq/prova/prova/49375.pdf,https://s3.amazonaws.com/files-s3.iesde.com.br/resolucaoq/prova/gabarito/49375.pdf,2026-02-03 07:41:16
76 Questões,https://www.aprovaconcursos.com.br/questoes-de-concurso/prova/fgv-2025-pc-mg-delegado-de-policia-substituto#questoes,,,,,,,76,https://s3.amazonaws.com/files-s3.iesde.com.br/resolucaoq/prova/prova/49375.pdf,https://s3.amazonaws.com/files-s3.iesde.com.br/resolucaoq/prova/gabarito/49375.pdf,2026-02-03 07:41:16
FGV - 2025 - PM-TO - Soldado da Polícia Militar,https://www.aprovaconcursos.com.br/questoes-de-concurso/prova/fgv-2025-pm-to-soldado-da-policia-militar,FGV,PM-TO,Soldado da Polícia Militar,2025,,,0,,,2026-02-03 07:41:16
Informações,https://www.aprovaconcursos.com.br/questoes-de-concurso/prova/fgv-2025-pm-to-soldado-da-policia-militar,,,,,,,51,https://s3.amazonaws.com/files-s3.iesde.com.br/resolucaoq/prova/prova/49419.pdf,https://s3.amazonaws.com/files-s3.iesde.com.br/resolucaoq/prova/gabarito/49419.pdf,2026-02-03 07:41:16
51 Questões,https://www.aprovaconcursos.com.br/questoes-de-concurso/prova/fgv-2025-pm-to-soldado-da-policia-militar#questoes,,,,,,,51,https://s3.amazonaws.com/files-s3.iesde.com.br/resolucaoq/prova/prova/49419.pdf,https://s3.amazonaws.com/files-s3.iesde.com.br/resolucaoq/prova/gabarito/49419.pdf,2026-02-03 07:41:16
SELECON - 2025 - PM-SE,https://www.aprovaconcursos.com.br/questoes-de-concurso/prova/selecon-2025-pm-se,SELECON,PM-SE,,2025,,,0,,,2026-02-03 07:41:16
Informações,https://www.aprovaconcursos.com.br/questoes-de-concurso/prova/selecon-2025-pm-se,,,,,,,58,https://s3.amazonaws.com/files-s3.iesde.com.br/resolucaoq/prova/prova/49382.pdf,https://s3.amazonaws.com/files-s3.iesde.com.br/resolucaoq/prova/gabarito/49382.pdf,2026-02-03 07:41:16
58 Questões,https://www.aprovaconcursos.com.br/questoes-de-concurso/prova/selecon-2025-pm-se#questoes,,,,,,,58,https://s3.amazonaws.com/files-s3.iesde.com.br/resolucaoq/prova/prova/49382.pdf,https://s3.amazonaws.com/files-s3.iesde.com.br/resolucaoq/prova/gabarito/49382.pdf,2026-02-03 07:41:16
Cebraspe (Cespe) - 2025 - ICMBIO - Analista Ambiental-ESPECÍFICO,https://www.aprovaconcursos.com.br/questoes-de-concurso/prova/cebraspe-cespe-2025-icmbio-analista-ambiental-especifico,Cebraspe (Cespe),ICMBIO,Analista Ambiental-ESPECÍFICO,2025,,,0,,,2026-02-03 07:41:16
Informações,https://www.aprovaconcursos.com.br/questoes-de-concurso/prova/cebraspe-cespe-2025-icmbio-analista-ambiental-especifico,,,,,,,60,https://s3.amazonaws.com/files-s3.iesde.com.br/resolucaoq/prova/prova/49338.pdf,https://s3.amazonaws.com/files-s3.iesde.com.br/resolucaoq/prova/gabarito/49338.pdf,2026-02-03 07:41:16
60 Questões,https://www.aprovaconcursos.com.br/questoes-de-concurso/prova/cebraspe-cespe-2025-icmbio-analista-ambiental-especifico#questoes,,,,,,,60,https://s3.amazonaws.com/files-s3.iesde.com.br/resolucaoq/prova/prova/49338.pdf,https://s3.amazonaws.com/files-s3.iesde.com.br/resolucaoq/prova/gabarito/49338.pdf,2026-02-03 07:41:16
Cebraspe (Cespe) - 2025 - IBAMA - Analista Ambiental - específico - tema 2,https://www.aprovaconcursos.com.br/questoes-de-concurso/prova/cebraspe-cespe-2025-ibama-analista-ambiental-especifico-tema-2,Cebraspe (Cespe),IBAMA,Analista Ambiental - específico - tema 2,2025,,,0,,,2026-02-03 07:41:16
Informações,https://www.aprovaconcursos.com.br/questoes-de-concurso/prova/cebraspe-cespe-2025-ibama-analista-ambiental-especifico-tema-2,,,,,,,70,https://s3.amazonaws.com/files-s3.iesde.com.br/resolucaoq/prova/prova/49345.pdf,https://s3.amazonaws.com/files-s3.iesde.com.br/resolucaoq/prova/gabarito/49345.pdf,2026-02-03 07:41:16
70 Questões,https://www.aprovaconcursos.com.br/questoes-de-concurso/prova/cebraspe-cespe-2025-ibama-analista-ambiental-especifico-tema-2#questoes,,,,,,,70,https://s3.amazonaws.com/files-s3.iesde.com.br/resolucaoq/prova/prova/49345.pdf,https://s3.amazonaws.com/files-s3.iesde.com.br/resolucaoq/prova/gabarito/49345.pdf,2026-02-03 07:41:16
Cebraspe (Cespe) - 2025 - SEFAZ-RJ - Analista Econômico-Financeiro,https://www.aprovaconcursos.com.br/questoes-de-concurso/prova/cebraspe-cespe-2025-sefaz-rj-analista-economico-financeiro,Cebraspe (Cespe),SEFAZ-RJ,Analista Econômico-Financeiro,2025,,,0,,,2026-02-03 07:41:16
Informações,https://www.aprovaconcursos.com.br/questoes-de-concurso/prova/cebraspe-cespe-2025-sefaz-rj-analista-economico-financeiro,,,,,,,73,https://s3.amazonaws.com/files-s3.iesde.com.br/resolucaoq/prova/prova/49371.pdf,https://s3.amazonaws.com/files-s3.iesde.com.br/resolucaoq/prova/gabarito/49371.pdf,2026-02-03 07:41:16
73 Questões,https://www.aprovaconcursos.com.br/questoes-de-concurso/prova/cebraspe-cespe-2025-sefaz-rj-analista-economico-financeiro#questoes,,,,,,,73,https://s3.amazonaws.com/files-s3.iesde.com.br/resolucaoq/prova/prova/49371.pdf,https://s3.amazonaws.com/files-s3.iesde.com.br/resolucaoq/prova/gabarito/49371.pdf,2026-02-03 07:41:16
1 Questão com vídeo,https://www.aprovaconcursos.com.br/questoes-de-concurso/prova/cebraspe-cespe-2025-sefaz-rj-analista-economico-financeiro#questoes,,,,,,,73,https://s3.amazonaws.com/files-s3.iesde.com.br/resolucaoq/prova/prova/49371.pdf,https://s3.amazonaws.com/files-s3.iesde.com.br/resolucaoq/prova/gabarito/49371.pdf,2026-02-03 07:41:16
Cebraspe (Cespe) - 2025 - IBAMA,https://www.aprovaconcursos.com.br/questoes-de-concurso/prova/cebraspe-cespe-2025-ibama,Cebraspe (Cespe),IBAMA,,2025,,,0,,,2026-02-03 07:41:16
Informações,https://www.aprovaconcursos.com.br/questoes-de-concurso/prova/cebraspe-cespe-2025-ibama,,,,,,,50,https://s3.amazonaws.com/files-s3.iesde.com.br/resolucaoq/prova/prova/49340.pdf,https://s3.amazonaws.com/files-s3.iesde.com.br/resolucaoq/prova/gabarito/49340.pdf,2026-02-03 07:41:16
50 Questões,https://www.aprovaconcursos.com.br/questoes-de-concurso/prova/cebraspe-cespe-2025-ibama#questoes,,,,,,,50,https://s3.amazonaws.com/files-s3.iesde.com.br/resolucaoq/prova/prova/49340.pdf,https://s3.amazonaws.com/files-s3.iesde.com.br/resolucaoq/prova/gabarito/49340.pdf,2026-02-03 07:41:16
5 Questões com vídeo,https://www.aprovaconcursos.com.br/questoes-de-concurso/prova/cebraspe-cespe-2025-ibama#questoes,,,,,,,50,https://s3.amazonaws.com/files-s3.iesde.com.br/resolucaoq/prova/prova/49340.pdf,https://s3.amazonaws.com/files-s3.iesde.com.br/resolucaoq/prova/gabarito/49340.pdf,2026-02-03 07:41:16
CONSULPLAN - 2025 - CFESS - Auxiliar Técnico II - Tesouraria,https://www.aprovaconcursos.com.br/questoes-de-concurso/prova/consulplan-2025-cfess-auxiliar-tecnico-ii-tesouraria,CONSULPLAN,CFESS,Auxiliar Técnico II - Tesouraria,2025,,,0,,,2026-02-03 07:41:16
Informações,https://www.aprovaconcursos.com.br/questoes-de-concurso/prova/consulplan-2025-cfess-auxiliar-tecnico-ii-tesouraria,,,,,,,40,https://s3.amazonaws.com/files-s3.iesde.com.br/resolucaoq/prova/prova/49415.pdf,https://s3.amazonaws.com/files-s3.iesde.com.br/resolucaoq/prova/gabarito/49415.pdf,2026-02-03 07:41:16
40 Questões,https://www.aprovaconcursos.com.br/questoes-de-concurso/prova/consulplan-2025-cfess-auxiliar-tecnico-ii-tesouraria#questoes,,,,,,,40,https://s3.amazonaws.com/files-s3.iesde.com.br/resolucaoq/prova/prova/49415.pdf,https://s3.amazonaws.com/files-s3.iesde.com.br/resolucaoq/prova/gabarito/49415.pdf,2026-02-03 07:41:16
FUNDATEC - 2025 - BM-RS - Soldado Bombeiro Militar,https://www.aprovaconcursos.com.br/questoes-de-concurso/prova/fundatec-2025-bm-rs-soldado-bombeiro-militar,FUNDATEC,BM-RS,Soldado Bombeiro Militar,2025,,,0,,,2026-02-03 07:41:16
Informações,https://www.aprovaconcursos.com.br/questoes-de-concurso/prova/fundatec-2025-bm-rs-soldado-bombeiro-militar,,,,,,,0,https://s3.amazonaws.com/files-s3.iesde.com.br/resolucaoq/prova/prova/49422.pdf,https://s3.amazonaws.com/files-s3.iesde.com.br/resolucaoq/prova/gabarito/49422.pdf,2026-02-03 07:41:16
FGV - 2025 - PM-SP - Soldado PM 2ª Classe,https://www.aprovaconcursos.com.br/questoes-de-concurso/prova/fgv-2025-pm-sp-soldado-pm-2a-classe,FGV,PM-SP,Soldado PM 2ª Classe,2025,,,0,,,2026-02-03 07:41:16
Informações,https://www.aprovaconcursos.com.br/questoes-de-concurso/prova/fgv-2025-pm-sp-soldado-pm-2a-classe,,,,,,,60,https://s3.amazonaws.com/files-s3.iesde.com.br/resolucaoq/prova/prova/49333.pdf,https://s3.amazonaws.com/files-s3.iesde.com.br/resolucaoq/prova/gabarito/49333.pdf,2026-02-03 07:41:16
60 Questões,https://www.aprovaconcursos.com.br/questoes-de-concurso/prova/fgv-2025-pm-sp-soldado-pm-2a-classe#questoes,,,,,,,60,https://s3.amazonaws.com/files-s3.iesde.com.br/resolucaoq/prova/prova/49333.pdf,https://s3.amazonaws.com/files-s3.iesde.com.br/resolucaoq/prova/gabarito/49333.pdf,2026-02-03 07:41:16
CETAP - 2025 - BANPARÁ - Técnico Bancário,https://www.aprovaconcursos.com.br/questoes-de-concurso/prova/cetap-2025-banpara-tecnico-bancario,CETAP,BANPARÁ,Técnico Bancário,2025,,,0,,,2026-02-03 07:41:16
Informações,https://www.aprovaconcursos.com.br/questoes-de-concurso/prova/cetap-2025-banpara-tecnico-bancario,,,,,,,19,https://s3.amazonaws.com/files-s3.iesde.com.br/resolucaoq/prova/prova/49383.pdf,https://s3.amazonaws.com/files-s3.iesde.com.br/resolucaoq/prova/gabarito/49383.pdf,2026-02-03 07:41:16
19 Questões,https://www.aprovaconcursos.com.br/questoes-de-concurso/prova/cetap-2025-banpara-tecnico-bancario#questoes,,,,,,,19,https://s3.amazonaws.com/files-s3.iesde.com.br/resolucaoq/prova/prova/49383.pdf,https://s3.amazonaws.com/files-s3.iesde.com.br/resolucaoq/prova/gabarito/49383.pdf,2026-02-03 07:41:16
Instituto Ibest - 2025 - CRMV-ES - Advogado,https://www.aprovaconcursos.com.br/questoes-de-concurso/prova/instituto-ibest-2025-crmv-es-advogado,Instituto Ibest,CRMV-ES,Advogado,2025,,,0,,,2026-02-03 07:41:16
Informações,https://www.aprovaconcursos.com.br/questoes-de-concurso/prova/instituto-ibest-2025-crmv-es-advogado,,,,,,,48,https://s3.amazonaws.com/files-s3.iesde.com.br/resolucaoq/prova/prova/49388.pdf,https://s3.amazonaws.com/files-s3.iesde.com.br/resolucaoq/prova/gabarito/49388.pdf,2026-02-03 07:41:16
48 Questões,https://www.aprovaconcursos.com.br/questoes-de-concurso/prova/instituto-ibest-2025-crmv-es-advogado#questoes,,,,,,,48,https://s3.amazonaws.com/files-s3.iesde.com.br/resolucaoq/prova/prova/49388.pdf,https://s3.amazonaws.com/files-s3.iesde.com.br/resolucaoq/prova/gabarito/49388.pdf,2026-02-03 07:41:16
CONSULPLAN - 2025 - CFESS - Assistente Técnico - Administrativo,https://www.aprovaconcursos.com.br/questoes-de-concurso/prova/consulplan-2025-cfess-assistente-tecnico-administrativo,CONSULPLAN,CFESS,Assistente Técnico - Administrativo,2025,,,0,,,2026-02-03 07:41:16
Informações,https://www.aprovaconcursos.com.br/questoes-de-concurso/prova/consulplan-2025-cfess-assistente-tecnico-administrativo,,,,,,,39,https://s3.amazonaws.com/files-s3.iesde.com.br/resolucaoq/prova/prova/49410.pdf,https://s3.amazonaws.com/files-s3.iesde.com.br/resolucaoq/prova/gabarito/49410.pdf,2026-02-03 07:41:16
39 Questões,https://www.aprovaconcursos.com.br/questoes-de-concurso/prova/consulplan-2025-cfess-assistente-tecnico-administrativo#questoes,,,,,,,39,https://s3.amazonaws.com/files-s3.iesde.com.br/resolucaoq/prova/prova/49410.pdf,https://s3.amazonaws.com/files-s3.iesde.com.br/resolucaoq/prova/gabarito/49410.pdf,2026-02-03 07:41:16
FGV - 2025 - CFC - 2º Exame,https://www.aprovaconcursos.com.br/questoes-de-concurso/prova/fgv-2025-cfc-2o-exame,FGV,CFC,2º Exame,2025,,,0,,,2026-02-03 07:41:16
Informações,https://www.aprovaconcursos.com.br/questoes-de-concurso/prova/fgv-2025-cfc-2o-exame,,,,,,,50,https://s3.amazonaws.com/files-s3.iesde.com.br/resolucaoq/prova/prova/49427.pdf,https://s3.amazonaws.com/files-s3.iesde.com.br/resolucaoq/prova/gabarito/49427.pdf,2026-02-03 07:41:16
50 Questões,https://www.aprovaconcursos.com.br/questoes-de-concurso/prova/fgv-2025-cfc-2o-exame#questoes,,,,,,,50,https://s3.amazonaws.com/files-s3.iesde.com.br/resolucaoq/prova/prova/49427.pdf,https://s3.amazonaws.com/files-s3.iesde.com.br/resolucaoq/prova/gabarito/49427.pdf,2026-02-03 07:41:16
Instituto Access - 2025 - FUNAI - Analista Ambiental,https://www.aprovaconcursos.com.br/questoes-de-concurso/prova/instituto-access-2025-funai-analista-ambiental,Instituto Access,FUNAI,Analista Ambiental,2025,,,0,,,2026-02-03 07:41:16
Informações,https://www.aprovaconcursos.com.br/questoes-de-concurso/prova/instituto-access-2025-funai-analista-ambiental,,,,,,,20,https://s3.amazonaws.com/files-s3.iesde.com.br/resolucaoq/prova/prova/49434.pdf,https://s3.amazonaws.com/files-s3.iesde.com.br/resolucaoq/prova/gabarito/49434.pdf,2026-02-03 07:41:16
20 Questões,https://www.aprovaconcursos.com.br/questoes-de-concurso/prova/instituto-access-2025-funai-analista-ambiental#questoes,,,,,,,20,https://s3.amazonaws.com/files-s3.iesde.com.br/resolucaoq/prova/prova/49434.pdf,https://s3.amazonaws.com/files-s3.iesde.com.br/resolucaoq/prova/gabarito/49434.pdf,2026-02-03 07:41:16
Quadrix - 2025 - CRM-RS - Controlador Interno,https://www.aprovaconcursos.com.br/questoes-de-concurso/prova/quadrix-2025-crm-rs-controlador-interno,Quadrix,CRM-RS,Controlador Interno,2025,,,0,,,2026-02-03 07:41:16
Informações,https://www.aprovaconcursos.com.br/questoes-de-concurso/prova/quadrix-2025-crm-rs-controlador-interno,,,,,,,50,https://s3.amazonaws.com/files-s3.iesde.com.br/resolucaoq/prova/prova/49439.pdf,https://s3.amazonaws.com/files-s3.iesde.com.br/resolucaoq/prova/gabarito/49439.pdf,2026-02-03 07:41:16
50 Questões,https://www.aprovaconcursos.com.br/questoes-de-concurso/prova/quadrix-2025-crm-rs-controlador-interno#questoes,,,,,,,50,https://s3.amazonaws.com/files-s3.iesde.com.br/resolucaoq/prova/prova/49439.pdf,https://s3.amazonaws.com/files-s3.iesde.com.br/resolucaoq/prova/gabarito/49439.pdf,2026-02-03 07:41:16
Quadrix - 2025 - CRM-RS - Analista Administrativo,https://www.aprovaconcursos.com.br/questoes-de-concurso/prova/quadrix-2025-crm-rs-analista-administrativo,Quadrix,CRM-RS,Analista Administrativo,2025,,,0,,,2026-02-03 07:41:16
Informações,https://www.aprovaconcursos.com.br/questoes-de-concurso/prova/quadrix-2025-crm-rs-analista-administrativo,,,,,,,50,https://s3.amazonaws.com/files-s3.iesde.com.br/resolucaoq/prova/prova/49441.pdf,https://s3.amazonaws.com/files-s3.iesde.com.br/resolucaoq/prova/gabarito/49441.pdf,2026-02-03 07:41:16
50 Questões,https://www.aprovaconcursos.com.br/questoes-de-concurso/prova/quadrix-2025-crm-rs-analista-administrativo#questoes,,,,,,,50,https://s3.amazonaws.com/files-s3.iesde.com.br/resolucaoq/prova/prova/49441.pdf,https://s3.amazonaws.com/files-s3.iesde.com.br/resolucaoq/prova/gabarito/49441.pdf,2026-02-03 07:41:16
UERJ - 2025 - CBM-RJ - Cadete,https://www.aprovaconcursos.com.br/questoes-de-concurso/prova/uerj-2025-cbm-rj-cadete,UERJ,CBM-RJ,Cadete,2025,,,0,,,2026-02-03 07:41:16
Informações,https://www.aprovaconcursos.com.br/questoes-de-concurso/prova/uerj-2025-cbm-rj-cadete,,,,,,,90,https://s3.amazonaws.com/files-s3.iesde.com.br/resolucaoq/prova/prova/49403.pdf,https://s3.amazonaws.com/files-s3.iesde.com.br/resolucaoq/prova/gabarito/49403.pdf,2026-02-03 07:41:16
90 Questões,https://www.aprovaconcursos.com.br/questoes-de-concurso/prova/uerj-2025-cbm-rj-cadete#questoes,,,,,,,90,https://s3.amazonaws.com/files-s3.iesde.com.br/resolucaoq/prova/prova/49403.pdf,https://s3.amazonaws.com/files-s3.iesde.com.br/resolucaoq/prova/gabarito/49403.pdf,2026-02-03 07:41:16
FGV - 2025 - PC-MG - Médico: Legista,https://www.aprovaconcursos.com.br/questoes-de-concurso/prova/fgv-2025-pc-mg-medico-legista,FGV,PC-MG,Médico: Legista,2025,,,0,,,2026-02-03 07:41:16
Informações,https://www.aprovaconcursos.com.br/questoes-de-concurso/prova/fgv-2025-pc-mg-medico-legista,,,,,,,70,https://s3.amazonaws.com/files-s3.iesde.com.br/resolucaoq/prova/prova/49376.pdf,https://s3.amazonaws.com/files-s3.iesde.com.br/resolucaoq/prova/gabarito/49376.pdf,2026-02-03 07:41:16
70 Questões,https://www.aprovaconcursos.com.br/questoes-de-concurso/prova/fgv-2025-pc-mg-medico-legista#questoes,,,,,,,70,https://s3.amazonaws.com/files-s3.iesde.com.br/resolucaoq/prova/prova/49376.pdf,https://s3.amazonaws.com/files-s3.iesde.com.br/resolucaoq/prova/gabarito/49376.pdf,2026-02-03 07:41:16
Instituto Ibest - 2025 - CRMV-ES - Agente Administrativo,https://www.aprovaconcursos.com.br/questoes-de-concurso/prova/instituto-ibest-2025-crmv-es-agente-administrativo,Instituto Ibest,CRMV-ES,Agente Administrativo,2025,,,0,,,2026-02-03 07:41:16
Informações,https://www.aprovaconcursos.com.br/questoes-de-concurso/prova/instituto-ibest-2025-crmv-es-agente-administrativo,,,,,,,48,https://s3.amazonaws.com/files-s3.iesde.com.br/resolucaoq/prova/prova/49390.pdf,https://s3.amazonaws.com/files-s3.iesde.com.br/resolucaoq/prova/gabarito/49390.pdf,2026-02-03 07:41:16
48 Questões,https://www.aprovaconcursos.com.br/questoes-de-concurso/prova/instituto-ibest-2025-crmv-es-agente-administrativo#questoes,,,,,,,48,https://s3.amazonaws.com/files-s3.iesde.com.br/resolucaoq/prova/prova/49390.pdf,https://s3.amazonaws.com/files-s3.iesde.com.br/resolucaoq/prova/gabarito/49390.pdf,2026-02-03 07:41:16
Avalia - 2025 - EMURC - Auxiliar Administrativo,https://www.aprovaconcursos.com.br/questoes-de-concurso/prova/avalia-2025-emurc-auxiliar-administrativo,Avalia,EMURC,Auxiliar Administrativo,2025,,,0,,,2026-02-03 07:41:16
Informações,https://www.aprovaconcursos.com.br/questoes-de-concurso/prova/avalia-2025-emurc-auxiliar-administrativo,,,,,,,65,https://s3.amazonaws.com/files-s3.iesde.com.br/resolucaoq/prova/prova/49408.pdf,https://s3.amazonaws.com/files-s3.iesde.com.br/resolucaoq/prova/gabarito/49408.pdf,2026-02-03 07:41:16
65 Questões,https://www.aprovaconcursos.com.br/questoes-de-concurso/prova/avalia-2025-emurc-auxiliar-administrativo#questoes,,,,,,,65,https://s3.amazonaws.com/files-s3.iesde.com.br/resolucaoq/prova/prova/49408.pdf,https://s3.amazonaws.com/files-s3.iesde.com.br/resolucaoq/prova/gabarito/49408.pdf,2026-02-03 07:41:16
IDIB - 2025 - Prefeitura Municipal De Moraújo - CE - Agente Administrativo,https://www.aprovaconcursos.com.br/questoes-de-concurso/prova/idib-2025-prefeitura-municipal-de-moraujo-ce-agente-administrativo,IDIB,Prefeitura Municipal De Moraújo,CE - Agente Administrativo,2025,,,0,,,2026-02-03 07:41:16
Informações,https://www.aprovaconcursos.com.br/questoes-de-concurso/prova/idib-2025-prefeitura-municipal-de-moraujo-ce-agente-administrativo,,,,,,,50,https://s3.amazonaws.com/files-s3.iesde.com.br/resolucaoq/prova/prova/49396.pdf,https://s3.amazonaws.com/files-s3.iesde.com.br/resolucaoq/prova/gabarito/49396.pdf,2026-02-03 07:41:16
50 Questões,https://www.aprovaconcursos.com.br/questoes-de-concurso/prova/idib-2025-prefeitura-municipal-de-moraujo-ce-agente-administrativo#questoes,,,,,,,50,https://s3.amazonaws.com/files-s3.iesde.com.br/resolucaoq/prova/prova/49396.pdf,https://s3.amazonaws.com/files-s3.iesde.com.br/resolucaoq/prova/gabarito/49396.pdf,2026-02-03 07:41:16
FGV - 2025 - SEFAZ-PR - Auditor Fiscal,https://www.aprovaconcursos.com.br/questoes-de-concurso/prova/fgv-2025-sefaz-pr-auditor-fiscal,FGV,SEFAZ-PR,Auditor Fiscal,2025,,,0,,,2026-02-03 07:41:16
Informações,https://www.aprovaconcursos.com.br/questoes-de-concurso/prova/fgv-2025-sefaz-pr-auditor-fiscal,,,,,,,80,https://s3.amazonaws.com/files-s3.iesde.com.br/resolucaoq/prova/prova/49365.pdf,https://s3.amazonaws.com/files-s3.iesde.com.br/resolucaoq/prova/gabarito/49365.pdf,2026-02-03 07:41:16
80 Questões,https://www.aprovaconcursos.com.br/questoes-de-concurso/prova/fgv-2025-sefaz-pr-auditor-fiscal#questoes,,,,,,,80,https://s3.amazonaws.com/files-s3.iesde.com.br/resolucaoq/prova/prova/49365.pdf,https://s3.amazonaws.com/files-s3.iesde.com.br/resolucaoq/prova/gabarito/49365.pdf,2026-02-03 07:41:16
1 Questão com vídeo,https://www.aprovaconcursos.com.br/questoes-de-concurso/prova/fgv-2025-sefaz-pr-auditor-fiscal#questoes,,,,,,,80,https://s3.amazonaws.com/files-s3.iesde.com.br/resolucaoq/prova/prova/49365.pdf,https://s3.amazonaws.com/files-s3.iesde.com.br/resolucaoq/prova/gabarito/49365.pdf,2026-02-03 07:41:16
CESGRANRIO - 2025 - BANESE - Técnico Bancário,https://www.aprovaconcursos.com.br/questoes-de-concurso/prova/cesgranrio-2025-banese-tecnico-bancario,CESGRANRIO,BANESE,Técnico Bancário,2025,,,0,,,2026-02-03 07:41:19
Informações,https://www.aprovaconcursos.com.br/questoes-de-concurso/prova/cesgranrio-2025-banese-tecnico-bancario,,,,,,,50,https://s3.amazonaws.com/files-s3.iesde.com.br/resolucaoq/prova/prova/49391.pdf,https://s3.amazonaws.com/files-s3.iesde.com.br/resolucaoq/prova/gabarito/49391.pdf,2026-02-03 07:41:19
50 Questões,https://www.aprovaconcursos.com.br/questoes-de-concurso/prova/cesgranrio-2025-banese-tecnico-bancario#questoes,,,,,,,50,https://s3.amazonaws.com/files-s3.iesde.com.br/resolucaoq/prova/prova/49391.pdf,https://s3.amazonaws.com/files-s3.iesde.com.br/resolucaoq/prova/gabarito/49391.pdf,2026-02-03 07:41:19
FGV - 2025 - MPU - Técnico - Administração,https://www.aprovaconcursos.com.br/questoes-de-concurso/prova/fgv-2025-mpu-tecnico-administracao,FGV,MPU,Técnico - Administração,2025,,,0,,,2026-02-03 07:41:19
Informações,https://www.aprovaconcursos.com.br/questoes-de-concurso/prova/fgv-2025-mpu-tecnico-administracao,,,,,,,76,https://s3.amazonaws.com/files-s3.iesde.com.br/resolucaoq/prova/prova/49384.pdf,https://s3.amazonaws.com/files-s3.iesde.com.br/resolucaoq/prova/gabarito/49384.pdf,2026-02-03 07:41:19
76 Questões,https://www.aprovaconcursos.com.br/questoes-de-concurso/prova/fgv-2025-mpu-tecnico-administracao#questoes,,,,,,,76,https://s3.amazonaws.com/files-s3.iesde.com.br/resolucaoq/prova/prova/49384.pdf,https://s3.amazonaws.com/files-s3.iesde.com.br/resolucaoq/prova/gabarito/49384.pdf,2026-02-03 07:41:19
7 Questões com vídeo,https://www.aprovaconcursos.com.br/questoes-de-concurso/prova/fgv-2025-mpu-tecnico-administracao#questoes,,,,,,,76,https://s3.amazonaws.com/files-s3.iesde.com.br/resolucaoq/prova/prova/49384.pdf,https://s3.amazonaws.com/files-s3.iesde.com.br/resolucaoq/prova/gabarito/49384.pdf,2026-02-03 07:41:19
Instituto Ibest - 2025 - CRMV-ES - Agente Fiscal,https://www.aprovaconcursos.com.br/questoes-de-concurso/prova/instituto-ibest-2025-crmv-es-agente-fiscal,Instituto Ibest,CRMV-ES,Agente Fiscal,2025,,,0,,,2026-02-03 07:41:19
Informações,https://www.aprovaconcursos.com.br/questoes-de-concurso/prova/instituto-ibest-2025-crmv-es-agente-fiscal,,,,,,,45,https://s3.amazonaws.com/files-s3.iesde.com.br/resolucaoq/prova/prova/49389.pdf,https://s3.amazonaws.com/files-s3.iesde.com.br/resolucaoq/prova/gabarito/49389.pdf,2026-02-03 07:41:19
45 Questões,https://www.aprovaconcursos.com.br/questoes-de-concurso/prova/instituto-ibest-2025-crmv-es-agente-fiscal#questoes,,,,,,,45,https://s3.amazonaws.com/files-s3.iesde.com.br/resolucaoq/prova/prova/49389.pdf,https://s3.amazonaws.com/files-s3.iesde.com.br/resolucaoq/prova/gabarito/49389.pdf,2026-02-03 07:41:19
Cebraspe (Cespe) - 2025 - IBAMA - Analista Ambiental,https://www.aprovaconcursos.com.br/questoes-de-concurso/prova/cebraspe-cespe-2025-ibama-analista-ambiental,Cebraspe (Cespe),IBAMA,Analista Ambiental,2025,,,0,,,2026-02-03 07:41:19
Informações,https://www.aprovaconcursos.com.br/questoes-de-concurso/prova/cebraspe-cespe-2025-ibama-analista-ambiental,,,,,,,50,https://s3.amazonaws.com/files-s3.iesde.com.br/resolucaoq/prova/prova/49339.pdf,https://s3.amazonaws.com/files-s3.iesde.com.br/resolucaoq/prova/gabarito/49339.pdf,2026-02-03 07:41:19
50 Questões,https://www.aprovaconcursos.com.br/questoes-de-concurso/prova/cebraspe-cespe-2025-ibama-analista-ambiental#questoes,,,,,,,50,https://s3.amazonaws.com/files-s3.iesde.com.br/resolucaoq/prova/prova/49339.pdf,https://s3.amazonaws.com/files-s3.iesde.com.br/resolucaoq/prova/gabarito/49339.pdf,2026-02-03 07:41:19
10 Questões com vídeo,https://www.aprovaconcursos.com.br/questoes-de-concurso/prova/cebraspe-cespe-2025-ibama-analista-ambiental#questoes,,,,,,,50,https://s3.amazonaws.com/files-s3.iesde.com.br/resolucaoq/prova/prova/49339.pdf,https://s3.amazonaws.com/files-s3.iesde.com.br/resolucaoq/prova/gabarito/49339.pdf,2026-02-03 07:41:19
Cebraspe (Cespe) - 2025 - IBAMA - Analista Ambiental - tema 2,https://www.aprovaconcursos.com.br/questoes-de-concurso/prova/cebraspe-cespe-2025-ibama-analista-ambiental-tema-2,Cebraspe (Cespe),IBAMA,Analista Ambiental - tema 2,2025,,,0,,,2026-02-03 07:41:19
Informações,https://www.aprovaconcursos.com.br/questoes-de-concurso/prova/cebraspe-cespe-2025-ibama-analista-ambiental-tema-2,,,,,,,48,https://s3.amazonaws.com/files-s3.iesde.com.br/resolucaoq/prova/prova/49341.pdf,https://s3.amazonaws.com/files-s3.iesde.com.br/resolucaoq/prova/gabarito/49341.pdf,2026-02-03 07:41:19
48 Questões,https://www.aprovaconcursos.com.br/questoes-de-concurso/prova/cebraspe-cespe-2025-ibama-analista-ambiental-tema-2#questoes,,,,,,,48,https://s3.amazonaws.com/files-s3.iesde.com.br/resolucaoq/prova/prova/49341.pdf,https://s3.amazonaws.com/files-s3.iesde.com.br/resolucaoq/prova/gabarito/49341.pdf,2026-02-03 07:41:19
10 Questões com vídeo,https://www.aprovaconcursos.com.br/questoes-de-concurso/prova/cebraspe-cespe-2025-ibama-analista-ambiental-tema-2#questoes,,,,,,,48,https://s3.amazonaws.com/files-s3.iesde.com.br/resolucaoq/prova/prova/49341.pdf,https://s3.amazonaws.com/files-s3.iesde.com.br/resolucaoq/prova/gabarito/49341.pdf,2026-02-03 07:41:19
FGV - 2025 - CFC - 1º Exame,https://www.aprovaconcursos.com.br/questoes-de-concurso/prova/fgv-2025-cfc-1o-exame,FGV,CFC,1º Exame,2025,,,0,,,2026-02-03 07:41:19
Informações,https://www.aprovaconcursos.com.br/questoes-de-concurso/prova/fgv-2025-cfc-1o-exame,,,,,,,48,https://s3.amazonaws.com/files-s3.iesde.com.br/resolucaoq/prova/prova/49404.pdf,https://s3.amazonaws.com/files-s3.iesde.com.br/resolucaoq/prova/gabarito/49404.pdf,2026-02-03 07:41:19
48 Questões,https://www.aprovaconcursos.com.br/questoes-de-concurso/prova/fgv-2025-cfc-1o-exame#questoes,,,,,,,48,https://s3.amazonaws.com/files-s3.iesde.com.br/resolucaoq/prova/prova/49404.pdf,https://s3.amazonaws.com/files-s3.iesde.com.br/resolucaoq/prova/gabarito/49404.pdf,2026-02-03 07:41:19
CONSULPLAN - 2025 - Cisbaf - Assistente Técnico Contábil,https://www.aprovaconcursos.com.br/questoes-de-concurso/prova/consulplan-2025-cisbaf-assistente-tecnico-contabil,CONSULPLAN,Cisbaf,Assistente Técnico Contábil,2025,,,0,,,2026-02-03 07:41:19
Informações,https://www.aprovaconcursos.com.br/questoes-de-concurso/prova/consulplan-2025-cisbaf-assistente-tecnico-contabil,,,,,,,30,https://s3.amazonaws.com/files-s3.iesde.com.br/resolucaoq/prova/prova/49411.pdf,https://s3.amazonaws.com/files-s3.iesde.com.br/resolucaoq/prova/gabarito/49411.pdf,2026-02-03 07:41:19
30 Questões,https://www.aprovaconcursos.com.br/questoes-de-concurso/prova/consulplan-2025-cisbaf-assistente-tecnico-contabil#questoes,,,,,,,30,https://s3.amazonaws.com/files-s3.iesde.com.br/resolucaoq/prova/prova/49411.pdf,https://s3.amazonaws.com/files-s3.iesde.com.br/resolucaoq/prova/gabarito/49411.pdf,2026-02-03 07:41:19
FGV - 2025 - PM-SP - Cabo,https://www.aprovaconcursos.com.br/questoes-de-concurso/prova/fgv-2025-pm-sp-cabo,FGV,PM-SP,Cabo,2025,,,0,,,2026-02-03 07:41:19
Informações,https://www.aprovaconcursos.com.br/questoes-de-concurso/prova/fgv-2025-pm-sp-cabo,,,,,,,78,https://s3.amazonaws.com/files-s3.iesde.com.br/resolucaoq/prova/prova/49423.pdf,https://s3.amazonaws.com/files-s3.iesde.com.br/resolucaoq/prova/gabarito/49423.pdf,2026-02-03 07:41:19
78 Questões,https://www.aprovaconcursos.com.br/questoes-de-concurso/prova/fgv-2025-pm-sp-cabo#questoes,,,,,,,78,https://s3.amazonaws.com/files-s3.iesde.com.br/resolucaoq/prova/prova/49423.pdf,https://s3.amazonaws.com/files-s3.iesde.com.br/resolucaoq/prova/gabarito/49423.pdf,2026-02-03 07:41:19
FUNDATEC - 2025 - BM-RS - Soldado 1° Classe,https://www.aprovaconcursos.com.br/questoes-de-concurso/prova/fundatec-2025-bm-rs-soldado-1deg-classe,FUNDATEC,BM-RS,Soldado 1° Classe,2025,,,0,,,2026-02-03 07:41:19
Informações,https://www.aprovaconcursos.com.br/questoes-de-concurso/prova/fundatec-2025-bm-rs-soldado-1deg-classe,,,,,,,49,https://s3.amazonaws.com/files-s3.iesde.com.br/resolucaoq/prova/prova/49435.pdf,https://s3.amazonaws.com/files-s3.iesde.com.br/resolucaoq/prova/gabarito/49435.pdf,2026-02-03 07:41:19
49 Questões,https://www.aprovaconcursos.com.br/questoes-de-concurso/prova/fundatec-2025-bm-rs-soldado-1deg-classe#questoes,,,,,,,49,https://s3.amazonaws.com/files-s3.iesde.com.br/resolucaoq/prova/prova/49435.pdf,https://s3.amazonaws.com/files-s3.iesde.com.br/resolucaoq/prova/gabarito/49435.pdf,2026-02-03 07:41:19
Quadrix - 2025 - CRM-RS - Advogado,https://www.aprovaconcursos.com.br/questoes-de-concurso/prova/quadrix-2025-crm-rs-advogado,Quadrix,CRM-RS,Advogado,2025,,,0,,,2026-02-03 07:41:19
Informações,https://www.aprovaconcursos.com.br/questoes-de-concurso/prova/quadrix-2025-crm-rs-advogado,,,,,,,50,https://s3.amazonaws.com/files-s3.iesde.com.br/resolucaoq/prova/prova/49442.pdf,https://s3.amazonaws.com/files-s3.iesde.com.br/resolucaoq/prova/gabarito/49442.pdf,2026-02-03 07:41:19
50 Questões,https://www.aprovaconcursos.com.br/questoes-de-concurso/prova/quadrix-2025-crm-rs-advogado#questoes,,,,,,,50,https://s3.amazonaws.com/files-s3.iesde.com.br/resolucaoq/prova/prova/49442.pdf,https://s3.amazonaws.com/files-s3.iesde.com.br/resolucaoq/prova/gabarito/49442.pdf,2026-02-03 07:41:19
SELECON - 2025 - Prefeitura de Niterói - RJ - Guarda Civil Municipal,https://www.aprovaconcursos.com.br/questoes-de-concurso/prova/selecon-2025-prefeitura-de-niteroi-rj-guarda-civil-municipal,SELECON,Prefeitura de Niterói,RJ - Guarda Civil Municipal,2025,,,0,,,2026-02-03 07:41:19
Informações,https://www.aprovaconcursos.com.br/questoes-de-concurso/prova/selecon-2025-prefeitura-de-niteroi-rj-guarda-civil-municipal,,,,,,,97,https://s3.amazonaws.com/files-s3.iesde.com.br/resolucaoq/prova/prova/49372.pdf,https://s3.amazonaws.com/files-s3.iesde.com.br/resolucaoq/prova/gabarito/49372.pdf,2026-02-03 07:41:19
97 Questões,https://www.aprovaconcursos.com.br/questoes-de-concurso/prova/selecon-2025-prefeitura-de-niteroi-rj-guarda-civil-municipal#questoes,,,,,,,97,https://s3.amazonaws.com/files-s3.iesde.com.br/resolucaoq/prova/prova/49372.pdf,https://s3.amazonaws.com/files-s3.iesde.com.br/resolucaoq/prova/gabarito/49372.pdf,2026-02-03 07:41:19
FGV - 2025 - PC-MG - Perito: Criminal - Área I,https://www.aprovaconcursos.com.br/questoes-de-concurso/prova/fgv-2025-pc-mg-perito-criminal-area-i,FGV,PC-MG,Perito: Criminal - Área I,2025,,,0,,,2026-02-03 07:41:19
Informações,https://www.aprovaconcursos.com.br/questoes-de-concurso/prova/fgv-2025-pc-mg-perito-criminal-area-i,,,,,,,75,https://s3.amazonaws.com/files-s3.iesde.com.br/resolucaoq/prova/prova/49377.pdf,https://s3.amazonaws.com/files-s3.iesde.com.br/resolucaoq/prova/gabarito/49377.pdf,2026-02-03 07:41:19
75 Questões,https://www.aprovaconcursos.com.br/questoes-de-concurso/prova/fgv-2025-pc-mg-perito-criminal-area-i#questoes,,,,,,,75,https://s3.amazonaws.com/files-s3.iesde.com.br/resolucaoq/prova/prova/49377.pdf,https://s3.amazonaws.com/files-s3.iesde.com.br/resolucaoq/prova/gabarito/49377.pdf,2026-02-03 07:41:19
1 Questão com vídeo,https://www.aprovaconcursos.com.br/questoes-de-concurso/prova/fgv-2025-pc-mg-perito-criminal-area-i#questoes,,,,,,,75,https://s3.amazonaws.com/files-s3.iesde.com.br/resolucaoq/prova/prova/49377.pdf,https://s3.amazonaws.com/files-s3.iesde.com.br/resolucaoq/prova/gabarito/49377.pdf,2026-02-03 07:41:19
FGV - 2024 - Câmara Municipal de São Paulo - SP - Técnico Legislativo - Enfermagem - Especialidade em Segurança do Trabalho,https://www.aprovaconcursos.com.br/questoes-de-concurso/prova/fgv-2024-camara-municipal-de-sao-paulo-sp-tecnico-legislativo-enfermagem-especialidade-em-seguranca-do-tr,FGV,Câmara Municipal de São Paulo,SP - Técnico Legislativo - Enfermagem - Especialidade em Segurança do Trabalho,2024,,,0,,,2026-02-03 07:41:19
Informações,https://www.aprovaconcursos.com.br/questoes-de-concurso/prova/fgv-2024-camara-municipal-de-sao-paulo-sp-tecnico-legislativo-enfermagem-especialidade-em-seguranca-do-tr,,,,,,,0,https://s3.amazonaws.com/files-s3.iesde.com.br/resolucaoq/prova/prova/49157.pdf,https://s3.amazonaws.com/files-s3.iesde.com.br/resolucaoq/prova/gabarito/49157.pdf,2026-02-03 07:41:19
Bloco 8 - Nível Intermediário,https://www.aprovaconcursos.com.br/questoes-de-concurso/prova/bloco-8-nivel-intermediario,,,,,,,0,,,2026-02-03 07:41:19
Informações,https://www.aprovaconcursos.com.br/questoes-de-concurso/prova/bloco-8-nivel-intermediario,,,,,,,15,https://s3.amazonaws.com/files-s3.iesde.com.br/resolucaoq/prova/prova/49140.pdf,https://s3.amazonaws.com/files-s3.iesde.com.br/resolucaoq/prova/gabarito/49140.pdf,2026-02-03 07:41:19
15 Questões,https://www.aprovaconcursos.com.br/questoes-de-concurso/prova/bloco-8-nivel-intermediario#questoes,,,,,,,15,https://s3.amazonaws.com/files-s3.iesde.com.br/resolucaoq/prova/prova/49140.pdf,https://s3.amazonaws.com/files-s3.iesde.com.br/resolucaoq/prova/gabarito/49140.pdf,2026-02-03 07:41:19
15 Questões com vídeo,https://www.aprovaconcursos.com.br/questoes-de-concurso/prova/bloco-8-nivel-intermediario#questoes,,,,,,,15,https://s3.amazonaws.com/files-s3.iesde.com.br/resolucaoq/prova/prova/49140.pdf,https://s3.amazonaws.com/files-s3.iesde.com.br/resolucaoq/prova/gabarito/49140.pdf,2026-02-03 07:41:19
FGV - 2024 - Câmara Municipal de São Paulo - SP - Consultor Técnico - Legislativo - Administração,https://www.aprovaconcursos.com.br/questoes-de-concurso/prova/fgv-2024-camara-municipal-de-sao-paulo-sp-consultor-tecnico-legislativo-administracao,FGV,Câmara Municipal de São Paulo,SP - Consultor Técnico - Legislativo - Administração,2024,,,0,,,2026-02-03 07:41:19
Informações,https://www.aprovaconcursos.com.br/questoes-de-concurso/prova/fgv-2024-camara-municipal-de-sao-paulo-sp-consultor-tecnico-legislativo-administracao,,,,,,,59,https://s3.amazonaws.com/files-s3.iesde.com.br/resolucaoq/prova/prova/49152.pdf,https://s3.amazonaws.com/files-s3.iesde.com.br/resolucaoq/prova/gabarito/49152.pdf,2026-02-03 07:41:19
59 Questões,https://www.aprovaconcursos.com.br/questoes-de-concurso/prova/fgv-2024-camara-municipal-de-sao-paulo-sp-consultor-tecnico-legislativo-administracao#questoes,,,,,,,59,https://s3.amazonaws.com/files-s3.iesde.com.br/resolucaoq/prova/prova/49152.pdf,https://s3.amazonaws.com/files-s3.iesde.com.br/resolucaoq/prova/gabarito/49152.pdf,2026-02-03 07:41:19
30 Questões com vídeo,https://www.aprovaconcursos.com.br/questoes-de-concurso/prova/fgv-2024-camara-municipal-de-sao-paulo-sp-consultor-tecnico-legislativo-administracao#questoes,,,,,,,59,https://s3.amazonaws.com/files-s3.iesde.com.br/resolucaoq/prova/prova/49152.pdf,https://s3.amazonaws.com/files-s3.iesde.com.br/resolucaoq/prova/gabarito/49152.pdf,2026-02-03 07:41:19
FGV - 2024 - TJ-MS,https://www.aprovaconcursos.com.br/questoes-de-concurso/prova/fgv-2024-tj-ms,FGV,TJ-MS,,2024,,,0,,,2026-02-03 07:41:19
Informações,https://www.aprovaconcursos.com.br/questoes-de-concurso/prova/fgv-2024-tj-ms,,,,,,,0,https://s3.amazonaws.com/files-s3.iesde.com.br/resolucaoq/prova/prova/49208.pdf,https://s3.amazonaws.com/files-s3.iesde.com.br/resolucaoq/prova/gabarito/49208.pdf,2026-02-03 07:41:19
FGV - 2024 - TJ-MS - Jornalista,https://www.aprovaconcursos.com.br/questoes-de-concurso/prova/fgv-2024-tj-ms-jornalista,FGV,TJ-MS,Jornalista,2024,,,0,,,2026-02-03 07:41:19
Informações,https://www.aprovaconcursos.com.br/questoes-de-concurso/prova/fgv-2024-tj-ms-jornalista,,,,,,,34,https://s3.amazonaws.com/files-s3.iesde.com.br/resolucaoq/prova/prova/49215.pdf,https://s3.amazonaws.com/files-s3.iesde.com.br/resolucaoq/prova/gabarito/49215.pdf,2026-02-03 07:41:19
34 Questões,https://www.aprovaconcursos.com.br/questoes-de-concurso/prova/fgv-2024-tj-ms-jornalista#questoes,,,,,,,34,https://s3.amazonaws.com/files-s3.iesde.com.br/resolucaoq/prova/prova/49215.pdf,https://s3.amazonaws.com/files-s3.iesde.com.br/resolucaoq/prova/gabarito/49215.pdf,2026-02-03 07:41:19
FGV - 2024 - TJ-MS - Bibliotecário,https://www.aprovaconcursos.com.br/questoes-de-concurso/prova/fgv-2024-tj-ms-bibliotecario,FGV,TJ-MS,Bibliotecário,2024,,,0,,,2026-02-03 07:41:19
Informações,https://www.aprovaconcursos.com.br/questoes-de-concurso/prova/fgv-2024-tj-ms-bibliotecario,,,,,,,34,https://s3.amazonaws.com/files-s3.iesde.com.br/resolucaoq/prova/prova/49210.pdf,https://s3.amazonaws.com/files-s3.iesde.com.br/resolucaoq/prova/gabarito/49210.pdf,2026-02-03 07:41:19
34 Questões,https://www.aprovaconcursos.com.br/questoes-de-concurso/prova/fgv-2024-tj-ms-bibliotecario#questoes,,,,,,,34,https://s3.amazonaws.com/files-s3.iesde.com.br/resolucaoq/prova/prova/49210.pdf,https://s3.amazonaws.com/files-s3.iesde.com.br/resolucaoq/prova/gabarito/49210.pdf,2026-02-03 07:41:19
FGV - 2024 - TJ-MS - Psicologo,https://www.aprovaconcursos.com.br/questoes-de-concurso/prova/fgv-2024-tj-ms-psicologo,FGV,TJ-MS,Psicologo,2024,,,0,,,2026-02-03 07:41:19
Informações,https://www.aprovaconcursos.com.br/questoes-de-concurso/prova/fgv-2024-tj-ms-psicologo,,,,,,,34,https://s3.amazonaws.com/files-s3.iesde.com.br/resolucaoq/prova/prova/49222.pdf,https://s3.amazonaws.com/files-s3.iesde.com.br/resolucaoq/prova/gabarito/49222.pdf,2026-02-03 07:41:19
34 Questões,https://www.aprovaconcursos.com.br/questoes-de-concurso/prova/fgv-2024-tj-ms-psicologo#questoes,,,,,,,34,https://s3.amazonaws.com/files-s3.iesde.com.br/resolucaoq/prova/prova/49222.pdf,https://s3.amazonaws.com/files-s3.iesde.com.br/resolucaoq/prova/gabarito/49222.pdf,2026-02-03 07:41:19
Instituto Access - 2024 - BANESTES (Banco) - Analista de Segurança da Informação,https://www.aprovaconcursos.com.br/questoes-de-concurso/prova/instituto-access-2024-banestes-banco-analista-de-seguranca-da-informacao,Instituto Access,BANESTES (Banco),Analista de Segurança da Informação,2024,,,0,,,2026-02-03 07:41:19
Informações,https://www.aprovaconcursos.com.br/questoes-de-concurso/prova/instituto-access-2024-banestes-banco-analista-de-seguranca-da-informacao,,,,,,,30,https://s3.amazonaws.com/files-s3.iesde.com.br/resolucaoq/prova/prova/49227.pdf,https://s3.amazonaws.com/files-s3.iesde.com.br/resolucaoq/prova/gabarito/49227.pdf,2026-02-03 07:41:19
30 Questões,https://www.aprovaconcursos.com.br/questoes-de-concurso/prova/instituto-access-2024-banestes-banco-analista-de-seguranca-da-informacao#questoes,,,,,,,30,https://s3.amazonaws.com/files-s3.iesde.com.br/resolucaoq/prova/prova/49227.pdf,https://s3.amazonaws.com/files-s3.iesde.com.br/resolucaoq/prova/gabarito/49227.pdf,2026-02-03 07:41:19
CESGRANRIO - 2024 - Caixa Econômica Federal - Técnico Bancário Novo Tecnologia da informação,https://www.aprovaconcursos.com.br/questoes-de-concurso/prova/cesgranrio-2024-caixa-economica-federal-tecnico-bancario-novo-tecnologia-da-informacao,CESGRANRIO,Caixa Econômica Federal,Técnico Bancário Novo Tecnologia da informação,2024,,,0,,,2026-02-03 07:41:19
Informações,https://www.aprovaconcursos.com.br/questoes-de-concurso/prova/cesgranrio-2024-caixa-economica-federal-tecnico-bancario-novo-tecnologia-da-informacao,,,,,,,60,https://s3.amazonaws.com/files-s3.iesde.com.br/resolucaoq/prova/prova/49234.pdf,https://s3.amazonaws.com/files-s3.iesde.com.br/resolucaoq/prova/gabarito/49234.pdf,2026-02-03 07:41:19
60 Questões,https://www.aprovaconcursos.com.br/questoes-de-concurso/prova/cesgranrio-2024-caixa-economica-federal-tecnico-bancario-novo-tecnologia-da-informacao#questoes,,,,,,,60,https://s3.amazonaws.com/files-s3.iesde.com.br/resolucaoq/prova/prova/49234.pdf,https://s3.amazonaws.com/files-s3.iesde.com.br/resolucaoq/prova/gabarito/49234.pdf,2026-02-03 07:41:19
10 Questões com vídeo,https://www.aprovaconcursos.com.br/questoes-de-concurso/prova/cesgranrio-2024-caixa-economica-federal-tecnico-bancario-novo-tecnologia-da-informacao#questoes,,,,,,,60,https://s3.amazonaws.com/files-s3.iesde.com.br/resolucaoq/prova/prova/49234.pdf,https://s3.amazonaws.com/files-s3.iesde.com.br/resolucaoq/prova/gabarito/49234.pdf,2026-02-03 07:41:19
FGV - 2024 - EPE - Advogado,https://www.aprovaconcursos.com.br/questoes-de-concurso/prova/fgv-2024-epe-advogado,FGV,EPE,Advogado,2024,,,0,,,2026-02-03 07:41:19
Informações,https://www.aprovaconcursos.com.br/questoes-de-concurso/prova/fgv-2024-epe-advogado,,,,,,,69,https://s3.amazonaws.com/files-s3.iesde.com.br/resolucaoq/prova/prova/49296.pdf,https://s3.amazonaws.com/files-s3.iesde.com.br/resolucaoq/prova/gabarito/49296.pdf,2026-02-03 07:41:19
69 Questões,https://www.aprovaconcursos.com.br/questoes-de-concurso/prova/fgv-2024-epe-advogado#questoes,,,,,,,69,https://s3.amazonaws.com/files-s3.iesde.com.br/resolucaoq/prova/prova/49296.pdf,https://s3.amazonaws.com/files-s3.iesde.com.br/resolucaoq/prova/gabarito/49296.pdf,2026-02-03 07:41:19
Cebraspe (Cespe) - 2024 - BACEN - Analista: Economia e Finanças,https://www.aprovaconcursos.com.br/questoes-de-concurso/prova/cebraspe-cespe-2024-bacen-analista-economia-e-financas,Cebraspe (Cespe),BACEN,Analista: Economia e Finanças,2024,,,0,,,2026-02-03 07:41:19
Informações,https://www.aprovaconcursos.com.br/questoes-de-concurso/prova/cebraspe-cespe-2024-bacen-analista-economia-e-financas,,,,,,,115,https://s3.amazonaws.com/files-s3.iesde.com.br/resolucaoq/prova/prova/49316.pdf,https://s3.amazonaws.com/files-s3.iesde.com.br/resolucaoq/prova/gabarito/49316.pdf,2026-02-03 07:41:19
115 Questões,https://www.aprovaconcursos.com.br/questoes-de-concurso/prova/cebraspe-cespe-2024-bacen-analista-economia-e-financas#questoes,,,,,,,115,https://s3.amazonaws.com/files-s3.iesde.com.br/resolucaoq/prova/prova/49316.pdf,https://s3.amazonaws.com/files-s3.iesde.com.br/resolucaoq/prova/gabarito/49316.pdf,2026-02-03 07:41:19
29 Questões com vídeo,https://www.aprovaconcursos.com.br/questoes-de-concurso/prova/cebraspe-cespe-2024-bacen-analista-economia-e-financas#questoes,,,,,,,115,https://s3.amazonaws.com/files-s3.iesde.com.br/resolucaoq/prova/prova/49316.pdf,https://s3.amazonaws.com/files-s3.iesde.com.br/resolucaoq/prova/gabarito/49316.pdf,2026-02-03 07:41:19
FGV - 2024 - STN - Auditor: Tecnologia da Informação - Transformação Digital,https://www.aprovaconcursos.com.br/questoes-de-concurso/prova/fgv-2024-stn-auditor-tecnologia-da-informacao-transformacao-digital,FGV,STN,Auditor: Tecnologia da Informação - Transformação Digital,2024,,,0,,,2026-02-03 07:41:19
Informações,https://www.aprovaconcursos.com.br/questoes-de-concurso/prova/fgv-2024-stn-auditor-tecnologia-da-informacao-transformacao-digital,,,,,,,104,https://s3.amazonaws.com/files-s3.iesde.com.br/resolucaoq/prova/prova/49311.pdf,https://s3.amazonaws.com/files-s3.iesde.com.br/resolucaoq/prova/gabarito/49311.pdf,2026-02-03 07:41:19
104 Questões,https://www.aprovaconcursos.com.br/questoes-de-concurso/prova/fgv-2024-stn-auditor-tecnologia-da-informacao-transformacao-digital#questoes,,,,,,,104,https://s3.amazonaws.com/files-s3.iesde.com.br/resolucaoq/prova/prova/49311.pdf,https://s3.amazonaws.com/files-s3.iesde.com.br/resolucaoq/prova/gabarito/49311.pdf,2026-02-03 07:41:19
11 Questões com vídeo,https://www.aprovaconcursos.com.br/questoes-de-concurso/prova/fgv-2024-stn-auditor-tecnologia-da-informacao-transformacao-digital#questoes,,,,,,,104,https://s3.amazonaws.com/files-s3.iesde.com.br/resolucaoq/prova/prova/49311.pdf,https://s3.amazonaws.com/files-s3.iesde.com.br/resolucaoq/prova/gabarito/49311.pdf,2026-02-03 07:41:19
FGV - 2024 - STN - Auditor: Tecnologia da Informação - Operação e Infraestrutura,https://www.aprovaconcursos.com.br/questoes-de-concurso/prova/fgv-2024-stn-auditor-tecnologia-da-informacao-operacao-e-infraestrutura,FGV,STN,Auditor: Tecnologia da Informação - Operação e Infraestrutura,2024,,,0,,,2026-02-03 07:41:19
Informações,https://www.aprovaconcursos.com.br/questoes-de-concurso/prova/fgv-2024-stn-auditor-tecnologia-da-informacao-operacao-e-infraestrutura,,,,,,,106,https://s3.amazonaws.com/files-s3.iesde.com.br/resolucaoq/prova/prova/49309.pdf,https://s3.amazonaws.com/files-s3.iesde.com.br/resolucaoq/prova/gabarito/49309.pdf,2026-02-03 07:41:19
106 Questões,https://www.aprovaconcursos.com.br/questoes-de-concurso/prova/fgv-2024-stn-auditor-tecnologia-da-informacao-operacao-e-infraestrutura#questoes,,,,,,,106,https://s3.amazonaws.com/files-s3.iesde.com.br/resolucaoq/prova/prova/49309.pdf,https://s3.amazonaws.com/files-s3.iesde.com.br/resolucaoq/prova/gabarito/49309.pdf,2026-02-03 07:41:19
11 Questões com vídeo,https://www.aprovaconcursos.com.br/questoes-de-concurso/prova/fgv-2024-stn-auditor-tecnologia-da-informacao-operacao-e-infraestrutura#questoes,,,,,,,106,https://s3.amazonaws.com/files-s3.iesde.com.br/resolucaoq/prova/prova/49309.pdf,https://s3.amazonaws.com/files-s3.iesde.com.br/resolucaoq/prova/gabarito/49309.pdf,2026-02-03 07:41:19
FGV - 2024 - STN - Auditor: Econômico - Financeira,https://www.aprovaconcursos.com.br/questoes-de-concurso/prova/fgv-2024-stn-auditor-economico-financeira,FGV,STN,Auditor: Econômico - Financeira,2024,,,0,,,2026-02-03 07:41:19
Informações,https://www.aprovaconcursos.com.br/questoes-de-concurso/prova/fgv-2024-stn-auditor-economico-financeira,,,,,,,104,https://s3.amazonaws.com/files-s3.iesde.com.br/resolucaoq/prova/prova/49304.pdf,https://s3.amazonaws.com/files-s3.iesde.com.br/resolucaoq/prova/gabarito/49304.pdf,2026-02-03 07:41:19
104 Questões,https://www.aprovaconcursos.com.br/questoes-de-concurso/prova/fgv-2024-stn-auditor-economico-financeira#questoes,,,,,,,104,https://s3.amazonaws.com/files-s3.iesde.com.br/resolucaoq/prova/prova/49304.pdf,https://s3.amazonaws.com/files-s3.iesde.com.br/resolucaoq/prova/gabarito/49304.pdf,2026-02-03 07:41:19
11 Questões com vídeo,https://www.aprovaconcursos.com.br/questoes-de-concurso/prova/fgv-2024-stn-auditor-economico-financeira#questoes,,,,,,,104,https://s3.amazonaws.com/files-s3.iesde.com.br/resolucaoq/prova/prova/49304.pdf,https://s3.amazonaws.com/files-s3.iesde.com.br/resolucaoq/prova/gabarito/49304.pdf,2026-02-03 07:41:19
CONSULPAM - 2024 - SEMOB - Agente de trânsito e transporte,https://www.aprovaconcursos.com.br/questoes-de-concurso/prova/consulpam-2024-semob-agente-de-transito-e-transporte,CONSULPAM,SEMOB,Agente de trânsito e transporte,2024,,,0,,,2026-02-03 07:41:19
Informações,https://www.aprovaconcursos.com.br/questoes-de-concurso/prova/consulpam-2024-semob-agente-de-transito-e-transporte,,,,,,,50,https://s3.amazonaws.com/files-s3.iesde.com.br/resolucaoq/prova/prova/49121.pdf,https://s3.amazonaws.com/files-s3.iesde.com.br/resolucaoq/prova/gabarito/49121.pdf,2026-02-03 07:41:19
50 Questões,https://www.aprovaconcursos.com.br/questoes-de-concurso/prova/consulpam-2024-semob-agente-de-transito-e-transporte#questoes,,,,,,,50,https://s3.amazonaws.com/files-s3.iesde.com.br/resolucaoq/prova/prova/49121.pdf,https://s3.amazonaws.com/files-s3.iesde.com.br/resolucaoq/prova/gabarito/49121.pdf,2026-02-03 07:41:19
10 Questões com vídeo,https://www.aprovaconcursos.com.br/questoes-de-concurso/prova/consulpam-2024-semob-agente-de-transito-e-transporte#questoes,,,,,,,50,https://s3.amazonaws.com/files-s3.iesde.com.br/resolucaoq/prova/prova/49121.pdf,https://s3.amazonaws.com/files-s3.iesde.com.br/resolucaoq/prova/gabarito/49121.pdf,2026-02-03 07:41:19
Cebraspe (Cespe) - 2024 - INPI - Contador,https://www.aprovaconcursos.com.br/questoes-de-concurso/prova/cebraspe-cespe-2024-inpi-contador-2,Cebraspe (Cespe),INPI,Contador,2024,,,0,,,2026-02-03 07:41:19
Informações,https://www.aprovaconcursos.com.br/questoes-de-concurso/prova/cebraspe-cespe-2024-inpi-contador-2,,,,,,,20,https://s3.amazonaws.com/files-s3.iesde.com.br/resolucaoq/prova/prova/49323.pdf,https://s3.amazonaws.com/files-s3.iesde.com.br/resolucaoq/prova/gabarito/49323.pdf,2026-02-03 07:41:19
20 Questões,https://www.aprovaconcursos.com.br/questoes-de-concurso/prova/cebraspe-cespe-2024-inpi-contador-2#questoes,,,,,,,20,https://s3.amazonaws.com/files-s3.iesde.com.br/resolucaoq/prova/prova/49323.pdf,https://s3.amazonaws.com/files-s3.iesde.com.br/resolucaoq/prova/gabarito/49323.pdf,2026-02-03 07:41:19
INEP - 2024 - ENEM - Exame Nacional do Ensino Médio - 2º DIA,https://www.aprovaconcursos.com.br/questoes-de-concurso/prova/inep-2024-enem-exame-nacional-do-ensino-medio-2o-dia,INEP,ENEM,Exame Nacional do Ensino Médio - 2º DIA,2024,,,0,,,2026-02-03 07:41:19
Informações,https://www.aprovaconcursos.com.br/questoes-de-concurso/prova/inep-2024-enem-exame-nacional-do-ensino-medio-2o-dia,,,,,,,89,https://s3.amazonaws.com/files-s3.iesde.com.br/resolucaoq/prova/prova/49330.pdf,https://s3.amazonaws.com/files-s3.iesde.com.br/resolucaoq/prova/gabarito/49330.pdf,2026-02-03 07:41:19
89 Questões,https://www.aprovaconcursos.com.br/questoes-de-concurso/prova/inep-2024-enem-exame-nacional-do-ensino-medio-2o-dia#questoes,,,,,,,89,https://s3.amazonaws.com/files-s3.iesde.com.br/resolucaoq/prova/prova/49330.pdf,https://s3.amazonaws.com/files-s3.iesde.com.br/resolucaoq/prova/gabarito/49330.pdf,2026-02-03 07:41:19
FGV - 2024 - TJ-MS - Governanta,https://www.aprovaconcursos.com.br/questoes-de-concurso/prova/fgv-2024-tj-ms-governanta,FGV,TJ-MS,Governanta,2024,,,0,,,2026-02-03 07:41:19
Informações,https://www.aprovaconcursos.com.br/questoes-de-concurso/prova/fgv-2024-tj-ms-governanta,,,,,,,40,,,2026-02-03 07:41:19
40 Questões,https://www.aprovaconcursos.com.br/questoes-de-concurso/prova/fgv-2024-tj-ms-governanta#questoes,,,,,,,40,,,2026-02-03 07:41:19
3 Questões com vídeo,https://www.aprovaconcursos.com.br/questoes-de-concurso/prova/fgv-2024-tj-ms-governanta#questoes,,,,,,,40,,,2026-02-03 07:41:19
